Post_ID,Post_Type,Views,Likes,Comments,Shares,Engagement_Rate (%),Caption_Length,Hashtags_Used,Tagged_Accounts,Post_Date,Post_Time,Day_of_Week,Sponsored_Post
1,Static Image,13546,190,930,479,14.03,298,4,9,2023-01-01,12:00,Thursday,True
2,Reel,3090,4615,288,328,14.34,190,13,9,2023-01-02,10:00,Saturday,False
3,Static Image,17947,4932,417,382,13.01,153,4,7,2023-01-03,08:00,Tuesday,True
4,Static Image,4824,1013,514,275,11.74,44,0,8,2023-01-04,16:00,Monday,True
5,Reel,11287,422,303,487,5.06,37,8,1,2023-01-05,16:00,Tuesday,True
6,Reel,9611,3685,805,425,9.66,209,0,4,2023-01-06,18:00,Saturday,False
7,Static Image,5842,2591,286,389,10.71,160,4,6,2023-01-07,08:00,Thursday,False
8,Carousel,16889,3660,447,199,8.04,62,9,5,2023-01-08,18:00,Wednesday,False
9,Static Image,9159,1742,116,371,8.18,165,8,5,2023-01-09,10:00,Thursday,True
10,Static Image,14543,155,667,284,14.61,111,13,6,2023-01-10,18:00,Wednesday,True
11,Static Image,9337,1731,429,287,13.92,198,14,2,2023-01-11,08:00,Wednesday,False
12,Static Image,617,4147,620,44,13.49,75,3,2,2023-01-12,22:00,Saturday,False
13,Reel,14417,4066,438,451,9.06,174,12,9,2023-01-13,08:00,Sunday,True
14,Static Image,19435,2686,384,193,5.14,179,7,8,2023-01-14,16:00,Saturday,True
15,Carousel,14809,2187,82,168,5.8,130,5,7,2023-01-15,20:00,Monday,True
16,Reel,13734,3466,958,486,8.12,156,10,4,2023-01-16,10:00,Thursday,True
17,Carousel,6060,4495,643,481,5.16,251,14,5,2023-01-17,22:00,Wednesday,False
18,Carousel,1346,3580,39,28,5.17,239,2,9,2023-01-18,12:00,Saturday,True
19,Carousel,11454,1336,197,28,14.17,87,3,0,2023-01-19,22:00,Saturday,True
20,Carousel,14203,3229,373,494,12.06,268,1,9,2023-01-20,22:00,Thursday,True
21,Reel,15885,3704,875,8,8.09,25,0,0,2023-01-21,18:00,Thursday,True
22,Reel,14246,2409,809,327,6.33,299,12,3,2023-01-22,16:00,Wednesday,True
23,Carousel,6969,494,460,294,10.12,113,13,1,2023-01-23,18:00,Friday,True
24,Carousel,9833,85,204,445,5.05,288,7,6,2023-01-24,18:00,Tuesday,True
25,Reel,17108,1525,165,437,14.38,216,0,1,2023-01-25,12:00,Monday,False
26,Reel,13319,4007,181,475,9.15,44,13,9,2023-01-26,10:00,Monday,False
27,Reel,4708,1848,856,185,9.02,167,12,1,2023-01-27,08:00,Friday,False
28,Static Image,6783,1895,50,252,8.91,137,10,4,2023-01-28,14:00,Sunday,True
29,Static Image,2548,1458,72,120,5.69,85,0,3,2023-01-29,18:00,Friday,False
30,Static Image,6733,1758,32,283,11.38,194,3,7,2023-01-30,14:00,Sunday,True
31,Carousel,13441,2988,369,369,12.33,95,9,3,2023-01-31,10:00,Sunday,True
32,Static Image,13107,1350,84,73,11.76,133,11,5,2023-02-01,14:00,Friday,True
33,Carousel,10265,1293,569,355,6.38,130,9,4,2023-02-02,18:00,Monday,True
34,Carousel,2328,4026,681,258,10.79,268,14,1,2023-02-03,12:00,Tuesday,False
35,Static Image,2417,3147,834,185,10.69,222,5,7,2023-02-04,14:00,Monday,True
36,Carousel,7488,4666,127,322,13.68,166,8,1,2023-02-05,10:00,Saturday,True
37,Static Image,18910,59,621,173,8.79,54,0,8,2023-02-06,10:00,Monday,False
38,Static Image,15094,2475,389,317,8.71,45,6,8,2023-02-07,20:00,Monday,False
39,Reel,13477,1710,938,253,11.19,257,9,2,2023-02-08,20:00,Friday,False
40,Static Image,509,2681,929,192,11.33,33,10,3,2023-02-09,12:00,Friday,True
41,Reel,17144,4865,688,58,9.69,64,4,7,2023-02-10,14:00,Saturday,False
42,Static Image,10365,1122,299,330,9.43,235,11,8,2023-02-11,14:00,Saturday,True
43,Static Image,2719,3275,449,361,9.94,252,14,2,2023-02-12,20:00,Friday,True
44,Reel,7541,1366,677,317,13.61,212,7,4,2023-02-13,08:00,Monday,False
45,Reel,18944,4195,942,142,9.61,70,13,7,2023-02-14,16:00,Tuesday,False
46,Static Image,5787,3733,16,172,14.4,233,6,2,2023-02-15,10:00,Sunday,False
47,Carousel,2119,3323,205,395,10.04,170,3,6,2023-02-16,08:00,Thursday,True
48,Reel,9012,195,430,107,14.49,294,3,7,2023-02-17,10:00,Sunday,True
49,Carousel,1842,3090,577,426,13.33,95,5,9,2023-02-18,22:00,Saturday,True
50,Carousel,11068,1512,842,89,8.62,239,5,2,2023-02-19,22:00,Saturday,True
51,Carousel,19716,4726,202,321,13.64,206,8,1,2023-02-20,08:00,Sunday,True
52,Reel,19708,1634,568,216,6.1,47,11,9,2023-02-21,22:00,Thursday,True
53,Carousel,18878,532,157,7,14.25,199,4,6,2023-02-22,20:00,Monday,False
54,Reel,14731,3229,796,388,11.32,272,7,8,2023-02-23,20:00,Tuesday,True
55,Carousel,3990,1299,678,183,5.54,145,4,0,2023-02-24,16:00,Tuesday,False
56,Static Image,9810,4818,211,346,11.44,196,1,2,2023-02-25,08:00,Sunday,False
57,Static Image,8484,680,453,307,14.74,56,14,4,2023-02-26,10:00,Thursday,False
58,Reel,18488,711,923,456,5.7,118,5,2,2023-02-27,14:00,Saturday,False
59,Static Image,12719,3553,997,480,10.55,117,8,0,2023-02-28,10:00,Wednesday,False
60,Static Image,735,2902,428,336,12.48,146,12,6,2023-03-01,18:00,Monday,True
61,Carousel,10661,2516,436,42,13.1,187,2,6,2023-03-02,20:00,Sunday,True
62,Reel,2408,1037,488,424,9.14,99,0,9,2023-03-03,12:00,Tuesday,True
63,Carousel,9067,1596,484,243,7.04,145,0,7,2023-03-04,12:00,Saturday,True
64,Carousel,4030,699,135,173,5.42,169,12,4,2023-03-05,20:00,Friday,False
65,Carousel,5756,1018,404,457,10.8,35,2,9,2023-03-06,18:00,Friday,False
66,Carousel,19519,2687,826,401,9.53,47,9,4,2023-03-07,12:00,Thursday,False
67,Carousel,8662,1150,890,347,14.49,192,4,4,2023-03-08,22:00,Thursday,True
68,Carousel,19444,490,815,318,5.61,65,2,0,2023-03-09,20:00,Sunday,True
69,Carousel,5915,819,585,310,11.85,255,8,9,2023-03-10,12:00,Wednesday,True
70,Reel,3891,1393,334,34,5.25,233,7,4,2023-03-11,20:00,Tuesday,True
71,Static Image,11657,4408,401,194,6.71,104,2,5,2023-03-12,16:00,Sunday,False
72,Carousel,6451,3779,939,361,9.54,251,8,0,2023-03-13,14:00,Wednesday,False
73,Carousel,8507,3956,697,29,9.55,104,14,6,2023-03-14,14:00,Saturday,True
74,Carousel,9564,1627,637,116,11.86,84,12,0,2023-03-15,10:00,Thursday,True
75,Carousel,16024,4058,449,415,14.1,153,5,1,2023-03-16,18:00,Friday,False
76,Carousel,19782,3401,213,439,11.39,170,12,1,2023-03-17,20:00,Monday,False
77,Carousel,577,4845,495,210,14.54,134,6,4,2023-03-18,08:00,Saturday,False
78,Static Image,8077,2399,842,189,13.82,83,3,9,2023-03-19,10:00,Friday,False
79,Static Image,17484,3652,40,386,10.84,177,3,6,2023-03-20,10:00,Tuesday,True
80,Carousel,14560,1291,397,383,13.34,96,11,0,2023-03-21,20:00,Tuesday,False
81,Static Image,17949,1175,634,51,11.43,165,12,9,2023-03-22,20:00,Friday,False
82,Reel,19020,2651,886,378,5.79,244,1,0,2023-03-23,10:00,Saturday,False
83,Carousel,11035,1240,443,232,12.41,122,4,0,2023-03-24,10:00,Friday,False
84,Reel,10010,4181,846,43,5.95,107,7,5,2023-03-25,14:00,Wednesday,True
85,Reel,7443,4889,935,20,10.94,187,6,1,2023-03-26,08:00,Sunday,True
86,Carousel,12454,4498,385,26,12.03,189,6,0,2023-03-27,22:00,Thursday,True
87,Static Image,8304,122,353,217,5.67,154,5,5,2023-03-28,10:00,Wednesday,True
88,Reel,7065,1964,452,314,7.31,69,2,1,2023-03-29,22:00,Monday,True
89,Carousel,6484,2522,588,153,14.16,153,4,5,2023-03-30,14:00,Friday,True
90,Reel,5170,3096,84,460,11.16,156,12,9,2023-03-31,10:00,Monday,False
91,Reel,19074,757,566,245,7.46,264,0,7,2023-04-01,12:00,Monday,False
92,Reel,9684,1854,781,276,11.91,128,6,1,2023-04-02,10:00,Wednesday,False
93,Reel,19596,3763,675,63,10.97,40,8,8,2023-04-03,20:00,Thursday,False
94,Static Image,2692,2614,164,291,10.02,109,0,7,2023-04-04,18:00,Saturday,True
95,Reel,1748,2525,439,430,14.76,131,12,9,2023-04-05,18:00,Tuesday,False
96,Reel,11746,3660,372,206,11.83,96,1,0,2023-04-06,10:00,Sunday,True
97,Reel,13290,4305,457,36,8.75,196,2,6,2023-04-07,16:00,Tuesday,False
98,Static Image,18881,2873,996,447,13.0,167,2,9,2023-04-08,12:00,Thursday,False
99,Reel,4187,1785,243,166,13.85,120,7,5,2023-04-09,08:00,Tuesday,False
100,Reel,4518,1635,572,259,6.25,265,6,5,2023-04-10,10:00,Friday,True
101,Static Image,11802,116,827,258,7.01,136,5,5,2023-04-11,22:00,Friday,False
102,Static Image,2470,3111,271,13,7.16,111,14,5,2023-04-12,08:00,Wednesday,True
103,Static Image,8889,2478,836,469,11.91,47,9,9,2023-04-13,12:00,Monday,True
104,Reel,18086,4203,134,143,11.03,44,9,6,2023-04-14,10:00,Thursday,False
105,Static Image,15874,391,920,484,11.19,77,10,2,2023-04-15,16:00,Thursday,True
106,Static Image,6288,2824,254,14,14.41,153,3,5,2023-04-16,14:00,Tuesday,True
107,Reel,5908,2867,551,218,12.76,268,8,2,2023-04-17,16:00,Wednesday,False
108,Static Image,9946,2711,947,277,6.28,57,0,6,2023-04-18,20:00,Tuesday,False
109,Reel,1422,1282,494,328,8.48,94,10,6,2023-04-19,16:00,Tuesday,False
110,Carousel,919,3924,131,52,9.35,161,14,7,2023-04-20,22:00,Thursday,False
111,Static Image,19088,2451,134,440,8.96,187,1,1,2023-04-21,14:00,Tuesday,False
112,Carousel,11289,1544,558,115,11.69,278,14,8,2023-04-22,20:00,Monday,False
113,Reel,1620,4261,179,157,13.92,244,13,4,2023-04-23,14:00,Tuesday,True
114,Static Image,11760,711,133,127,8.06,171,3,8,2023-04-24,18:00,Monday,False
115,Reel,17834,3933,878,409,10.52,38,2,9,2023-04-25,14:00,Thursday,False
116,Carousel,2836,3669,44,361,12.89,165,0,4,2023-04-26,10:00,Wednesday,True
117,Reel,5873,1918,96,106,9.16,260,4,6,2023-04-27,08:00,Friday,False
118,Static Image,2743,2384,655,245,6.68,256,6,8,2023-04-28,18:00,Monday,True
119,Static Image,19529,3424,717,325,9.75,54,1,3,2023-04-29,18:00,Wednesday,False
120,Carousel,5112,1066,795,195,5.55,209,4,1,2023-04-30,08:00,Wednesday,False
121,Reel,14446,4456,210,221,14.42,20,5,8,2023-05-01,22:00,Monday,True
122,Static Image,18749,257,378,55,5.75,172,10,1,2023-05-02,18:00,Thursday,False
123,Carousel,11604,2715,806,296,9.38,145,6,2,2023-05-03,14:00,Sunday,True
124,Static Image,13929,2543,86,85,10.3,245,0,9,2023-05-04,16:00,Wednesday,False
125,Static Image,6871,682,68,493,14.85,240,6,1,2023-05-05,12:00,Wednesday,False
126,Reel,6859,2152,440,387,6.66,230,3,2,2023-05-06,22:00,Thursday,True
127,Static Image,8363,3009,647,92,6.14,44,7,5,2023-05-07,14:00,Thursday,False
128,Reel,3728,3133,509,198,5.09,35,12,2,2023-05-08,20:00,Tuesday,False
129,Static Image,14882,4802,922,108,6.56,201,3,9,2023-05-09,20:00,Thursday,True
130,Carousel,19255,1981,118,275,7.07,148,5,7,2023-05-10,16:00,Wednesday,False
131,Static Image,3391,3769,745,100,11.31,61,8,5,2023-05-11,22:00,Monday,True
132,Reel,4256,2612,287,427,7.2,255,4,6,2023-05-12,22:00,Sunday,False
133,Reel,16270,1729,77,383,5.21,53,13,0,2023-05-13,16:00,Saturday,True
134,Carousel,16978,286,78,202,13.27,64,11,2,2023-05-14,22:00,Tuesday,False
135,Static Image,3174,4493,174,5,8.66,153,3,2,2023-05-15,18:00,Saturday,True
136,Static Image,7398,4775,498,499,8.54,40,7,1,2023-05-16,10:00,Monday,True
137,Carousel,10647,1590,314,411,8.02,141,12,6,2023-05-17,10:00,Sunday,False
138,Static Image,1293,3993,918,382,14.75,89,8,8,2023-05-18,22:00,Sunday,False
139,Static Image,2616,413,683,171,6.7,67,3,3,2023-05-19,18:00,Sunday,True
140,Reel,6279,2418,374,130,13.98,58,2,4,2023-05-20,18:00,Friday,False
141,Static Image,12798,335,863,317,12.77,29,7,2,2023-05-21,08:00,Monday,True
142,Static Image,14653,198,830,85,5.76,49,13,8,2023-05-22,08:00,Tuesday,False
143,Carousel,11611,4087,388,422,14.87,263,4,3,2023-05-23,12:00,Tuesday,False
144,Carousel,11289,4601,352,255,7.71,293,1,4,2023-05-24,12:00,Sunday,True
145,Reel,11897,1816,956,173,5.99,107,9,0,2023-05-25,12:00,Monday,True
146,Static Image,13499,4945,908,481,13.29,263,8,1,2023-05-26,12:00,Friday,False
147,Static Image,1314,1062,563,77,12.07,34,2,8,2023-05-27,16:00,Sunday,False
148,Static Image,17229,2881,363,145,11.17,23,11,1,2023-05-28,16:00,Thursday,False
149,Reel,11041,2557,425,74,6.56,210,1,4,2023-05-29,08:00,Saturday,False
150,Reel,2943,1573,118,266,9.78,187,0,7,2023-05-30,10:00,Tuesday,False
151,Carousel,10957,2835,572,344,12.81,28,13,2,2023-05-31,18:00,Saturday,True
152,Reel,10880,2606,771,312,8.04,128,7,5,2023-06-01,20:00,Wednesday,False
153,Static Image,8283,3775,506,249,8.12,156,10,3,2023-06-02,10:00,Sunday,False
154,Static Image,11973,4626,350,7,5.03,173,2,6,2023-06-03,14:00,Thursday,True
155,Reel,17868,1651,951,341,6.74,228,6,9,2023-06-04,16:00,Tuesday,True
156,Static Image,15828,2458,392,67,13.75,291,0,2,2023-06-05,12:00,Saturday,True
157,Static Image,1327,390,542,53,9.42,162,0,5,2023-06-06,12:00,Friday,False
158,Reel,7647,2867,309,80,14.84,118,14,9,2023-06-07,14:00,Monday,True
159,Reel,4951,2546,148,372,8.96,88,11,8,2023-06-08,10:00,Tuesday,True
160,Static Image,15843,4980,368,179,12.15,266,8,9,2023-06-09,12:00,Saturday,True
161,Static Image,14135,1775,845,113,7.82,280,14,0,2023-06-10,10:00,Monday,True
162,Static Image,6459,1739,508,187,8.64,295,11,2,2023-06-11,18:00,Saturday,False
163,Carousel,626,3317,394,196,6.91,98,7,1,2023-06-12,14:00,Monday,False
164,Carousel,9295,4456,613,69,8.47,165,11,7,2023-06-13,20:00,Friday,False
165,Carousel,12141,311,968,341,10.47,130,12,6,2023-06-14,10:00,Friday,True
166,Reel,7696,1492,289,455,14.92,277,2,1,2023-06-15,18:00,Sunday,True
167,Carousel,12059,455,646,478,11.64,112,5,5,2023-06-16,22:00,Sunday,True
168,Reel,3868,2240,492,275,6.99,32,10,2,2023-06-17,22:00,Tuesday,True
169,Reel,4297,4487,918,104,5.45,279,2,7,2023-06-18,10:00,Friday,True
170,Carousel,15614,293,120,36,6.26,128,12,9,2023-06-19,22:00,Thursday,True
171,Carousel,14218,4635,875,356,10.63,208,11,2,2023-06-20,10:00,Saturday,False
172,Carousel,2292,4157,148,132,12.65,114,3,9,2023-06-21,12:00,Saturday,False
173,Static Image,11553,610,444,456,14.4,124,0,8,2023-06-22,08:00,Saturday,True
174,Carousel,3976,4187,518,406,5.16,27,4,0,2023-06-23,22:00,Tuesday,False
175,Static Image,3917,2775,282,373,10.23,86,0,4,2023-06-24,16:00,Saturday,True
176,Reel,2145,643,108,343,9.71,210,12,2,2023-06-25,10:00,Wednesday,True
177,Static Image,15255,1876,773,47,11.56,275,0,5,2023-06-26,10:00,Monday,False
178,Carousel,19914,3279,859,376,10.6,28,9,9,2023-06-27,10:00,Saturday,True
179,Reel,19756,3337,113,423,11.87,136,14,1,2023-06-28,08:00,Monday,False
180,Reel,3572,4123,223,492,11.58,286,10,8,2023-06-29,18:00,Sunday,True
181,Reel,2354,183,770,82,6.17,118,10,5,2023-06-30,22:00,Saturday,True
182,Static Image,5162,3188,673,318,13.0,183,13,6,2023-07-01,20:00,Thursday,False
183,Carousel,7014,3969,771,293,6.23,160,6,4,2023-07-02,20:00,Friday,True
184,Reel,3208,122,796,274,11.99,287,11,8,2023-07-03,14:00,Friday,True
185,Reel,12194,4544,174,166,9.16,56,5,0,2023-07-04,12:00,Sunday,True
186,Reel,10024,4275,862,193,10.14,93,1,4,2023-07-05,08:00,Wednesday,False
187,Static Image,6956,3028,529,251,14.03,92,13,9,2023-07-06,18:00,Tuesday,True
188,Static Image,4712,4411,293,392,13.9,218,10,5,2023-07-07,10:00,Tuesday,True
189,Carousel,13724,2035,526,220,13.18,149,11,6,2023-07-08,18:00,Thursday,True
190,Static Image,8470,842,666,319,10.1,265,1,3,2023-07-09,08:00,Sunday,False
191,Reel,17420,4309,622,417,12.36,79,10,0,2023-07-10,08:00,Sunday,False
192,Carousel,2125,144,173,343,10.13,298,6,7,2023-07-11,08:00,Wednesday,False
193,Reel,10814,1183,895,394,13.7,122,0,9,2023-07-12,14:00,Saturday,False
194,Reel,8473,4967,668,381,9.03,170,12,3,2023-07-13,16:00,Tuesday,False
195,Static Image,9077,287,73,485,14.7,176,1,2,2023-07-14,12:00,Saturday,True
196,Carousel,8570,2996,100,437,14.32,225,11,6,2023-07-15,14:00,Sunday,False
197,Static Image,9166,2580,126,172,12.42,198,7,1,2023-07-16,14:00,Saturday,False
198,Static Image,4100,2010,875,343,7.79,216,5,7,2023-07-17,22:00,Friday,True
199,Carousel,7283,1098,276,197,6.32,242,14,5,2023-07-18,16:00,Thursday,False
200,Reel,13726,2579,831,457,13.55,108,13,6,2023-07-19,14:00,Tuesday,True
201,Reel,9646,3014,694,287,6.65,295,1,4,2023-07-20,08:00,Wednesday,False
202,Carousel,5471,1013,568,340,13.54,255,6,8,2023-07-21,08:00,Thursday,True
203,Reel,13990,586,149,394,9.91,202,3,4,2023-07-22,22:00,Monday,True
204,Carousel,18089,4273,255,492,9.07,228,1,4,2023-07-23,18:00,Friday,False
205,Carousel,13451,3729,670,17,14.03,149,11,2,2023-07-24,10:00,Wednesday,False
206,Static Image,12812,4237,767,244,11.04,172,5,0,2023-07-25,14:00,Thursday,True
207,Carousel,2490,3774,404,324,10.77,32,10,1,2023-07-26,10:00,Sunday,True
208,Static Image,5799,592,496,450,10.59,141,14,7,2023-07-27,12:00,Monday,True
209,Reel,13497,895,485,487,8.71,239,8,0,2023-07-28,20:00,Wednesday,True
210,Reel,13972,3653,526,151,12.86,125,10,6,2023-07-29,08:00,Sunday,True
211,Reel,4880,3086,986,208,7.53,89,8,4,2023-07-30,18:00,Friday,True
212,Reel,5257,2544,193,84,14.39,214,13,2,2023-07-31,12:00,Monday,True
213,Static Image,19597,4535,29,383,13.94,205,7,6,2023-08-01,22:00,Tuesday,False
214,Reel,10895,2769,946,47,8.37,118,14,8,2023-08-02,18:00,Sunday,True
215,Carousel,16741,1934,567,462,12.29,101,2,1,2023-08-03,20:00,Thursday,False
216,Carousel,6088,4188,533,93,10.73,94,2,7,2023-08-04,20:00,Saturday,False
217,Carousel,17850,4399,591,152,8.38,211,1,8,2023-08-05,22:00,Wednesday,True
218,Static Image,5444,3251,538,99,14.89,233,4,2,2023-08-06,16:00,Monday,True
219,Reel,13895,2760,892,456,5.25,163,13,1,2023-08-07,22:00,Sunday,False
220,Reel,17572,2003,156,432,7.53,235,11,6,2023-08-08,08:00,Tuesday,True
221,Reel,4743,4787,675,155,10.2,34,13,4,2023-08-09,12:00,Saturday,True
222,Static Image,10416,3900,313,6,10.22,236,3,4,2023-08-10,16:00,Wednesday,False
223,Carousel,10484,739,629,380,10.89,54,6,9,2023-08-11,20:00,Wednesday,False
224,Carousel,2259,2000,757,26,12.52,202,3,4,2023-08-12,12:00,Sunday,False
225,Reel,9681,506,829,375,11.23,289,8,3,2023-08-13,18:00,Tuesday,True
226,Carousel,2982,2180,873,317,11.0,119,11,4,2023-08-14,16:00,Friday,True
227,Carousel,1451,4026,591,489,5.54,26,11,3,2023-08-15,16:00,Saturday,False
228,Static Image,2579,4294,704,332,8.77,49,1,5,2023-08-16,08:00,Friday,True
229,Static Image,3217,1229,771,11,7.32,163,10,3,2023-08-17,22:00,Monday,False
230,Static Image,10192,4335,237,210,7.65,130,13,1,2023-08-18,10:00,Sunday,True
231,Static Image,7811,3615,111,444,10.54,251,5,8,2023-08-19,18:00,Saturday,False
232,Reel,18949,932,596,379,7.0,198,14,1,2023-08-20,18:00,Monday,True
233,Static Image,1268,449,426,455,7.94,91,6,8,2023-08-21,22:00,Friday,False
234,Carousel,5990,658,967,118,7.37,229,3,9,2023-08-22,16:00,Saturday,True
235,Reel,16034,1688,225,276,14.49,239,12,5,2023-08-23,16:00,Wednesday,True
236,Carousel,7145,2198,416,87,14.45,99,5,8,2023-08-24,08:00,Monday,False
237,Carousel,5732,1432,408,183,11.1,102,6,8,2023-08-25,10:00,Tuesday,True
238,Carousel,11985,1453,932,214,14.25,61,3,2,2023-08-26,18:00,Thursday,True
239,Static Image,6297,869,724,468,12.86,292,14,0,2023-08-27,20:00,Friday,False
240,Static Image,12842,3342,713,332,10.9,210,7,0,2023-08-28,14:00,Friday,True
241,Reel,8538,869,770,128,5.06,192,8,2,2023-08-29,14:00,Tuesday,True
242,Reel,16502,469,508,485,12.73,26,0,4,2023-08-30,10:00,Saturday,True
243,Static Image,13587,4269,763,117,12.02,174,6,2,2023-08-31,12:00,Saturday,False
244,Carousel,5373,4567,474,16,11.15,29,8,8,2023-09-01,08:00,Saturday,False
245,Reel,1981,3352,700,130,12.6,53,14,8,2023-09-02,10:00,Monday,False
246,Static Image,10593,1558,958,57,10.13,55,11,2,2023-09-03,22:00,Sunday,False
247,Static Image,14922,817,983,335,12.04,25,9,2,2023-09-04,22:00,Wednesday,False
248,Static Image,16938,2094,740,393,14.35,234,4,4,2023-09-05,14:00,Thursday,True
249,Carousel,8143,2189,91,287,8.76,153,11,1,2023-09-06,16:00,Sunday,True
250,Static Image,16208,3079,613,144,12.08,145,1,5,2023-09-07,14:00,Sunday,False
251,Static Image,11771,1599,956,405,9.76,193,9,6,2023-09-08,16:00,Tuesday,True
252,Static Image,17716,1814,696,394,11.74,171,5,8,2023-09-09,08:00,Monday,True
253,Static Image,13100,2695,760,101,12.63,45,11,5,2023-09-10,16:00,Friday,True
254,Reel,11498,3766,781,9,5.45,134,11,2,2023-09-11,10:00,Friday,True
255,Reel,14795,4655,912,61,11.47,94,6,4,2023-09-12,16:00,Tuesday,False
256,Static Image,11182,4531,374,416,7.27,185,1,3,2023-09-13,12:00,Monday,False
257,Carousel,16880,2343,172,338,11.7,208,1,4,2023-09-14,22:00,Tuesday,True
258,Reel,9019,4887,57,73,9.68,97,9,7,2023-09-15,10:00,Friday,True
259,Static Image,3800,2758,520,122,12.74,109,14,7,2023-09-16,22:00,Sunday,False
260,Reel,7222,950,338,380,6.23,195,13,5,2023-09-17,08:00,Wednesday,True
261,Reel,7718,3134,849,63,11.26,40,11,0,2023-09-18,10:00,Saturday,True
262,Carousel,3554,2059,125,37,7.78,73,9,7,2023-09-19,12:00,Monday,True
263,Static Image,14075,291,950,322,13.53,203,0,7,2023-09-20,08:00,Thursday,False
264,Static Image,8470,2435,858,54,14.28,241,3,1,2023-09-21,14:00,Thursday,False
265,Carousel,2643,4318,346,372,14.96,198,6,3,2023-09-22,12:00,Sunday,True
266,Carousel,10003,721,890,493,12.96,295,13,1,2023-09-23,08:00,Tuesday,True
267,Static Image,15649,213,746,23,12.54,131,8,3,2023-09-24,20:00,Tuesday,True
268,Static Image,19422,514,873,218,7.16,243,14,9,2023-09-25,16:00,Friday,True
269,Carousel,12675,3092,849,201,8.36,233,2,6,2023-09-26,10:00,Sunday,True
270,Reel,8856,4642,156,383,9.66,78,11,8,2023-09-27,08:00,Friday,True
271,Reel,15570,4845,584,454,12.73,128,10,7,2023-09-28,10:00,Friday,False
272,Carousel,1322,2492,815,482,14.15,176,6,8,2023-09-29,16:00,Thursday,False
273,Reel,17827,4848,332,51,6.89,210,6,7,2023-09-30,08:00,Friday,True
274,Carousel,14789,2405,452,171,14.22,219,6,1,2023-10-01,14:00,Saturday,False
275,Reel,6650,4328,846,456,11.96,215,1,6,2023-10-02,20:00,Friday,True
276,Reel,4925,4774,22,293,11.11,54,5,1,2023-10-03,20:00,Thursday,True
277,Static Image,16532,2607,952,145,7.0,265,1,1,2023-10-04,12:00,Saturday,False
278,Static Image,2698,595,503,88,5.56,256,5,3,2023-10-05,08:00,Tuesday,False
279,Reel,3952,4769,710,186,10.68,123,12,0,2023-10-06,16:00,Monday,True
280,Reel,9606,3885,296,395,11.52,26,9,4,2023-10-07,08:00,Wednesday,True
281,Static Image,14359,643,729,83,7.11,20,2,5,2023-10-08,10:00,Friday,False
282,Static Image,18192,4889,123,219,10.56,238,13,8,2023-10-09,18:00,Saturday,False
283,Static Image,9205,3854,489,18,13.56,249,1,9,2023-10-10,22:00,Monday,True
284,Carousel,10612,1509,31,219,13.35,191,11,7,2023-10-11,08:00,Thursday,True
285,Reel,5341,3543,358,407,14.27,106,14,1,2023-10-12,20:00,Monday,True
286,Static Image,15858,2651,735,132,8.66,60,13,0,2023-10-13,20:00,Wednesday,False
287,Reel,1909,2494,692,314,8.18,142,5,1,2023-10-14,22:00,Monday,True
288,Carousel,5066,2722,844,481,12.49,197,1,6,2023-10-15,20:00,Saturday,False
289,Carousel,11882,4250,575,252,9.31,82,4,3,2023-10-16,14:00,Monday,True
290,Static Image,18439,66,915,408,5.88,184,1,9,2023-10-17,08:00,Monday,False
291,Carousel,15096,3241,819,33,7.83,206,2,4,2023-10-18,12:00,Monday,False
292,Reel,1304,442,329,284,9.19,228,2,6,2023-10-19,08:00,Sunday,False
293,Static Image,13721,474,135,342,7.93,246,5,2,2023-10-20,18:00,Friday,False
294,Reel,1779,621,286,323,8.32,67,5,9,2023-10-21,20:00,Thursday,True
295,Reel,13692,3681,985,206,7.94,243,9,1,2023-10-22,10:00,Wednesday,False
296,Carousel,7583,1170,213,365,5.41,22,2,6,2023-10-23,20:00,Thursday,False
297,Carousel,11593,291,203,61,11.37,194,2,4,2023-10-24,08:00,Sunday,False
298,Carousel,18271,3947,690,396,10.97,118,12,0,2023-10-25,14:00,Sunday,True
299,Carousel,13380,4145,673,222,11.53,135,11,0,2023-10-26,16:00,Saturday,True
300,Carousel,16017,2329,556,66,6.92,289,12,8,2023-10-27,08:00,Sunday,True
301,Static Image,19563,838,705,161,7.96,272,0,4,2023-10-28,08:00,Friday,True
302,Reel,2606,764,295,206,11.2,114,6,0,2023-10-29,12:00,Sunday,True
303,Reel,16586,4904,66,21,11.0,292,12,6,2023-10-30,14:00,Monday,True
304,Reel,5331,2899,743,326,10.06,43,7,8,2023-10-31,18:00,Thursday,False
305,Reel,19652,825,312,10,8.5,135,1,0,2023-11-01,16:00,Tuesday,False
306,Carousel,3686,4076,172,62,14.13,170,3,9,2023-11-02,20:00,Wednesday,False
307,Reel,3073,2297,28,329,8.4,69,9,3,2023-11-03,10:00,Sunday,True
308,Static Image,13308,128,379,416,9.56,225,6,2,2023-11-04,08:00,Thursday,False
309,Static Image,3099,3976,273,322,11.78,98,7,4,2023-11-05,18:00,Saturday,False
310,Reel,4533,905,803,173,10.43,89,0,6,2023-11-06,16:00,Sunday,True
311,Reel,8928,2198,122,457,8.47,46,3,7,2023-11-07,10:00,Friday,False
312,Static Image,1804,1081,497,86,9.36,290,5,1,2023-11-08,18:00,Sunday,True
313,Static Image,18185,4990,336,478,12.94,69,2,6,2023-11-09,14:00,Sunday,False
314,Carousel,19425,3321,551,472,7.78,266,4,0,2023-11-10,14:00,Sunday,True
315,Static Image,18935,3626,656,429,6.42,283,9,6,2023-11-11,16:00,Saturday,True
316,Carousel,9133,4232,588,437,8.13,98,8,7,2023-11-12,20:00,Sunday,True
317,Carousel,11872,3506,74,223,13.5,209,10,1,2023-11-13,22:00,Wednesday,False
318,Carousel,9496,3556,301,181,5.89,66,12,8,2023-11-14,10:00,Thursday,False
319,Carousel,16958,457,34,208,14.92,208,2,0,2023-11-15,14:00,Friday,True
320,Carousel,5975,2761,558,75,10.41,275,4,5,2023-11-16,22:00,Sunday,True
321,Reel,7684,3138,10,391,14.85,241,7,0,2023-11-17,16:00,Sunday,False
322,Static Image,13375,1718,920,270,14.39,260,5,2,2023-11-18,14:00,Sunday,False
323,Carousel,2122,197,558,102,9.53,288,3,5,2023-11-19,14:00,Sunday,True
324,Static Image,16488,4377,150,349,6.98,20,7,2,2023-11-20,18:00,Monday,False
325,Static Image,8541,3947,753,295,6.65,53,10,7,2023-11-21,22:00,Monday,False
326,Carousel,17225,2000,657,212,7.4,98,2,4,2023-11-22,18:00,Tuesday,False
327,Reel,18958,415,910,6,12.1,255,2,1,2023-11-23,14:00,Sunday,True
328,Carousel,8492,1724,197,128,7.73,117,3,3,2023-11-24,22:00,Tuesday,True
329,Reel,16146,4581,137,284,8.41,101,8,8,2023-11-25,12:00,Wednesday,False
330,Static Image,17529,4544,210,78,9.49,211,4,3,2023-11-26,22:00,Tuesday,True
331,Reel,4763,2596,136,170,14.13,272,7,9,2023-11-27,18:00,Thursday,False
332,Reel,14560,612,266,26,6.89,57,5,9,2023-11-28,10:00,Monday,False
333,Reel,15656,3612,685,158,5.05,33,2,7,2023-11-29,16:00,Monday,True
334,Static Image,9146,2539,556,431,5.6,228,14,4,2023-11-30,16:00,Sunday,True
335,Static Image,12164,822,203,443,14.05,108,7,9,2023-12-01,20:00,Sunday,True
336,Reel,3469,2087,712,299,11.48,75,11,0,2023-12-02,10:00,Wednesday,False
337,Reel,3528,3473,113,223,7.73,113,8,6,2023-12-03,10:00,Friday,False
338,Carousel,19565,2617,544,161,6.77,112,7,2,2023-12-04,10:00,Wednesday,True
339,Reel,4129,1623,274,499,7.94,104,12,9,2023-12-05,20:00,Thursday,True
340,Carousel,3567,3744,811,234,6.15,264,3,7,2023-12-06,10:00,Sunday,True
341,Reel,6441,3341,951,24,14.42,41,13,2,2023-12-07,08:00,Sunday,False
342,Carousel,18270,1296,983,479,12.84,291,13,0,2023-12-08,20:00,Wednesday,False
343,Static Image,19750,3769,393,45,9.62,141,12,4,2023-12-09,16:00,Wednesday,False
344,Reel,12055,3889,269,442,13.65,147,10,1,2023-12-10,08:00,Wednesday,True
345,Reel,13581,409,423,152,7.49,132,5,3,2023-12-11,20:00,Monday,True
346,Reel,7319,2426,367,112,12.17,292,0,0,2023-12-12,14:00,Tuesday,False
347,Reel,11546,3059,84,407,13.56,149,3,8,2023-12-13,14:00,Tuesday,True
348,Carousel,18217,3043,364,88,8.57,151,7,5,2023-12-14,16:00,Sunday,True
349,Reel,3211,1012,593,487,12.57,104,0,7,2023-12-15,14:00,Monday,True
350,Static Image,5353,3682,780,371,7.95,100,2,3,2023-12-16,10:00,Wednesday,True
351,Static Image,8215,1877,919,326,7.99,88,0,8,2023-12-17,20:00,Sunday,False
352,Reel,9442,1663,197,418,6.07,167,8,1,2023-12-18,08:00,Monday,True
353,Static Image,16007,1690,982,313,9.4,35,1,8,2023-12-19,10:00,Thursday,False
354,Reel,16326,2266,694,294,12.3,124,8,4,2023-12-20,14:00,Friday,False
355,Reel,2262,4362,299,410,14.4,184,12,5,2023-12-21,18:00,Monday,True
356,Static Image,16350,427,54,327,11.04,220,3,2,2023-12-22,22:00,Saturday,False
357,Reel,12612,4264,582,138,13.63,216,1,3,2023-12-23,08:00,Sunday,False
358,Static Image,13152,4335,92,211,13.22,204,3,5,2023-12-24,10:00,Tuesday,True
359,Carousel,6622,419,132,287,6.73,284,11,6,2023-12-25,20:00,Saturday,False
360,Reel,981,2246,367,270,9.86,119,10,0,2023-12-26,16:00,Wednesday,False
361,Carousel,15036,3797,537,77,6.17,233,10,6,2023-12-27,10:00,Friday,False
362,Static Image,653,701,75,485,11.82,297,9,0,2023-12-28,18:00,Thursday,False
363,Carousel,8117,819,945,356,14.5,181,5,4,2023-12-29,14:00,Friday,False
364,Carousel,2024,2471,666,52,6.37,176,14,5,2023-12-30,08:00,Friday,False
365,Static Image,2620,830,384,330,12.34,270,10,1,2023-12-31,16:00,Monday,False
366,Carousel,15548,1766,171,237,11.32,116,6,9,2024-01-01,08:00,Sunday,False
367,Carousel,2843,4033,755,447,10.84,37,2,8,2024-01-02,16:00,Sunday,True
368,Static Image,5636,1361,389,104,8.9,116,2,9,2024-01-03,22:00,Friday,True
369,Carousel,1740,3409,665,63,8.55,20,11,5,2024-01-04,20:00,Wednesday,True
370,Static Image,560,572,367,262,5.45,235,9,6,2024-01-05,08:00,Sunday,False
371,Carousel,9630,571,197,417,7.18,151,11,9,2024-01-06,14:00,Friday,False
372,Static Image,18523,4928,331,456,5.15,279,7,7,2024-01-07,20:00,Sunday,False
373,Static Image,12812,2370,459,69,10.81,144,4,9,2024-01-08,20:00,Wednesday,True
374,Carousel,13850,985,483,87,6.06,101,3,0,2024-01-09,22:00,Thursday,True
375,Carousel,12918,2280,22,158,13.73,190,6,7,2024-01-10,16:00,Saturday,True
376,Carousel,1752,4090,193,477,10.23,78,6,3,2024-01-11,12:00,Friday,False
377,Reel,8863,4633,120,270,12.0,51,12,9,2024-01-12,08:00,Tuesday,True
378,Reel,10150,4991,936,313,9.11,180,8,7,2024-01-13,08:00,Tuesday,True
379,Reel,19206,3747,517,83,10.61,125,8,5,2024-01-14,10:00,Friday,False
380,Static Image,16814,2887,299,319,14.43,124,4,8,2024-01-15,16:00,Monday,True
381,Carousel,4590,4133,304,154,5.83,247,12,3,2024-01-16,18:00,Thursday,False
382,Static Image,7460,2511,460,439,7.54,207,11,1,2024-01-17,12:00,Monday,True
383,Reel,3504,3293,913,52,12.8,89,12,1,2024-01-18,14:00,Saturday,False
384,Carousel,17213,3409,224,409,5.99,106,7,4,2024-01-19,10:00,Tuesday,False
385,Static Image,4140,735,983,383,5.76,75,9,9,2024-01-20,22:00,Wednesday,False
386,Carousel,1841,2210,641,252,8.62,132,0,8,2024-01-21,12:00,Friday,False
387,Static Image,12355,4038,903,282,5.92,32,8,2,2024-01-22,16:00,Saturday,False
388,Carousel,838,4116,576,360,10.85,37,7,7,2024-01-23,12:00,Sunday,True
389,Reel,6395,1617,36,102,7.26,201,5,3,2024-01-24,22:00,Tuesday,False
390,Reel,12754,88,639,418,13.96,132,12,5,2024-01-25,20:00,Thursday,False
391,Carousel,19592,2594,742,29,12.84,248,2,9,2024-01-26,08:00,Tuesday,False
392,Static Image,11844,4925,240,497,12.0,190,2,5,2024-01-27,20:00,Thursday,False
393,Reel,2250,1306,574,288,11.17,208,7,2,2024-01-28,08:00,Thursday,True
394,Reel,2921,3040,816,453,13.63,98,4,4,2024-01-29,10:00,Friday,False
395,Reel,7619,2246,330,373,7.23,165,9,2,2024-01-30,22:00,Thursday,True
396,Carousel,5819,3518,922,305,13.73,201,10,0,2024-01-31,16:00,Monday,False
397,Carousel,16396,2758,242,72,12.89,269,13,6,2024-02-01,16:00,Saturday,False
398,Static Image,12418,351,679,11,12.48,215,6,3,2024-02-02,12:00,Wednesday,True
399,Static Image,14349,696,446,309,10.61,90,4,6,2024-02-03,10:00,Tuesday,True
400,Static Image,5373,4808,790,141,7.46,267,7,2,2024-02-04,16:00,Wednesday,True
401,Carousel,5306,1809,542,168,9.24,165,9,4,2024-02-05,18:00,Saturday,False
402,Carousel,9092,4401,412,87,12.94,125,9,4,2024-02-06,18:00,Sunday,True
403,Static Image,12682,647,62,389,5.32,282,3,1,2024-02-07,20:00,Saturday,False
404,Static Image,17274,711,796,142,12.82,89,1,9,2024-02-08,08:00,Tuesday,True
405,Carousel,12545,4380,322,424,7.4,212,2,1,2024-02-09,12:00,Wednesday,True
406,Static Image,4930,1418,290,77,6.44,87,7,3,2024-02-10,14:00,Wednesday,False
407,Reel,9320,2631,735,241,6.16,71,14,3,2024-02-11,22:00,Friday,True
408,Carousel,4732,3918,40,50,5.27,28,10,3,2024-02-12,08:00,Friday,True
409,Static Image,11622,3587,346,110,10.24,270,12,5,2024-02-13,10:00,Saturday,False
410,Carousel,15523,4915,192,420,7.18,203,6,1,2024-02-14,16:00,Saturday,False
411,Reel,8507,4358,32,292,14.89,198,12,5,2024-02-15,08:00,Sunday,False
412,Carousel,18405,4608,553,266,10.74,217,1,6,2024-02-16,14:00,Thursday,True
413,Carousel,9518,332,455,180,6.38,147,5,9,2024-02-17,14:00,Tuesday,True
414,Carousel,2000,3728,83,170,11.89,39,8,2,2024-02-18,18:00,Friday,True
415,Carousel,7237,1536,19,149,13.98,84,14,7,2024-02-19,10:00,Tuesday,True
416,Reel,3794,4132,493,334,12.45,201,3,1,2024-02-20,08:00,Sunday,True
417,Carousel,19303,4233,465,374,5.76,260,8,7,2024-02-21,12:00,Friday,False
418,Carousel,19926,510,575,287,13.96,43,1,4,2024-02-22,08:00,Friday,True
419,Static Image,4997,2375,573,58,12.94,102,1,1,2024-02-23,18:00,Thursday,False
420,Carousel,18350,3804,669,182,6.58,204,8,6,2024-02-24,20:00,Tuesday,True
421,Static Image,1114,2518,169,423,5.52,118,11,1,2024-02-25,14:00,Tuesday,False
422,Reel,9874,1774,891,248,10.57,81,6,5,2024-02-26,10:00,Tuesday,True
423,Reel,3167,1426,23,345,6.56,41,6,9,2024-02-27,10:00,Thursday,True
424,Reel,13909,2793,187,131,13.35,231,0,2,2024-02-28,12:00,Friday,False
425,Reel,17014,564,421,413,8.58,145,12,8,2024-02-29,10:00,Sunday,True
426,Static Image,3483,752,887,416,14.13,61,10,2,2024-03-01,18:00,Tuesday,False
427,Carousel,13151,1703,62,371,10.66,117,5,2,2024-03-02,18:00,Wednesday,True
428,Reel,8730,2116,417,275,6.83,50,12,4,2024-03-03,18:00,Thursday,True
429,Carousel,7140,72,856,136,6.4,177,6,6,2024-03-04,10:00,Monday,False
430,Static Image,12279,2510,31,97,10.76,131,10,7,2024-03-05,10:00,Sunday,True
431,Static Image,15817,1354,39,383,12.62,266,13,6,2024-03-06,18:00,Wednesday,False
432,Static Image,17804,3350,712,77,12.82,141,5,8,2024-03-07,10:00,Tuesday,True
433,Reel,8064,411,269,415,7.76,292,5,4,2024-03-08,22:00,Monday,True
434,Carousel,16020,3777,214,414,7.04,226,1,9,2024-03-09,10:00,Sunday,True
435,Carousel,14237,1334,68,407,5.17,129,5,2,2024-03-10,22:00,Thursday,True
436,Carousel,9823,564,480,252,11.79,297,3,5,2024-03-11,14:00,Monday,True
437,Static Image,15729,498,785,352,5.77,75,8,4,2024-03-12,08:00,Friday,True
438,Reel,12213,1905,475,277,9.21,76,14,3,2024-03-13,16:00,Saturday,True
439,Static Image,9002,3612,21,47,11.02,133,11,1,2024-03-14,22:00,Monday,False
440,Static Image,1045,2570,640,381,14.37,217,0,6,2024-03-15,22:00,Saturday,True
441,Carousel,4846,3131,936,45,8.12,198,12,4,2024-03-16,10:00,Wednesday,True
442,Static Image,10496,1478,983,174,7.5,238,7,3,2024-03-17,16:00,Sunday,True
443,Carousel,16275,4017,299,438,11.54,296,4,7,2024-03-18,20:00,Wednesday,False
444,Reel,14419,972,859,216,11.19,35,0,8,2024-03-19,16:00,Wednesday,False
445,Carousel,4310,3187,769,497,8.32,80,3,8,2024-03-20,14:00,Tuesday,True
446,Reel,7706,2209,363,172,14.28,73,0,2,2024-03-21,22:00,Thursday,True
447,Carousel,9505,2597,648,43,13.45,187,5,2,2024-03-22,10:00,Monday,True
448,Static Image,16871,3029,84,373,7.24,45,1,4,2024-03-23,18:00,Sunday,False
449,Static Image,12816,2331,882,249,7.39,84,14,4,2024-03-24,16:00,Friday,True
450,Reel,18916,2699,725,155,10.12,119,4,9,2024-03-25,10:00,Thursday,False
451,Reel,8936,363,570,115,12.74,93,6,1,2024-03-26,12:00,Thursday,True
452,Reel,13484,2663,600,484,5.44,211,1,0,2024-03-27,20:00,Sunday,False
453,Carousel,771,3133,450,440,11.93,190,5,7,2024-03-28,18:00,Thursday,False
454,Carousel,18655,2306,250,51,11.48,292,5,2,2024-03-29,12:00,Tuesday,True
455,Reel,11116,1087,870,67,7.31,206,4,0,2024-03-30,12:00,Thursday,True
456,Static Image,4861,3539,163,229,11.81,42,4,0,2024-03-31,16:00,Tuesday,True
457,Carousel,7569,2684,795,370,14.4,200,13,1,2024-04-01,12:00,Monday,True
458,Carousel,17804,4033,105,73,5.47,127,2,5,2024-04-02,14:00,Monday,True
459,Carousel,3930,1828,735,303,8.2,181,14,5,2024-04-03,14:00,Wednesday,True
460,Reel,13176,3945,303,436,9.38,225,9,2,2024-04-04,16:00,Tuesday,True
461,Reel,11316,1174,218,294,13.99,97,14,3,2024-04-05,10:00,Friday,False
462,Reel,2550,747,352,300,14.62,35,9,1,2024-04-06,08:00,Monday,True
463,Reel,12192,2229,97,207,9.44,115,10,1,2024-04-07,10:00,Thursday,True
464,Reel,1665,1454,827,65,12.5,166,11,6,2024-04-08,10:00,Sunday,False
465,Static Image,2533,1093,785,438,10.32,21,1,0,2024-04-09,10:00,Sunday,True
466,Static Image,645,1979,946,455,10.38,29,6,6,2024-04-10,10:00,Saturday,True
467,Reel,14769,1063,399,322,7.78,144,0,0,2024-04-11,18:00,Tuesday,True
468,Carousel,8332,276,334,318,7.17,100,5,5,2024-04-12,08:00,Friday,True
469,Reel,14786,1878,949,165,7.88,159,5,2,2024-04-13,18:00,Wednesday,False
470,Static Image,3132,4967,898,335,10.56,169,2,7,2024-04-14,12:00,Thursday,False
471,Static Image,4994,2073,841,20,5.29,148,1,5,2024-04-15,20:00,Tuesday,True
472,Carousel,15652,2502,166,342,14.07,258,11,1,2024-04-16,10:00,Saturday,True
473,Static Image,9655,2135,677,98,6.56,77,1,7,2024-04-17,20:00,Sunday,False
474,Reel,10926,4333,660,308,7.2,217,13,4,2024-04-18,14:00,Tuesday,True
475,Carousel,10733,1130,642,142,10.18,230,12,7,2024-04-19,16:00,Thursday,False
476,Reel,2328,2370,586,342,12.1,64,8,7,2024-04-20,16:00,Friday,False
477,Reel,12760,3240,628,42,5.96,116,10,5,2024-04-21,18:00,Friday,False
478,Carousel,9630,2680,668,131,8.18,298,4,1,2024-04-22,18:00,Monday,True
479,Reel,5305,2613,146,279,14.69,42,6,7,2024-04-23,14:00,Thursday,True
480,Static Image,1306,3342,932,168,7.62,63,11,5,2024-04-24,10:00,Saturday,True
481,Reel,8702,4671,683,447,8.13,46,4,5,2024-04-25,20:00,Monday,False
482,Carousel,2368,3636,437,323,13.36,116,6,7,2024-04-26,22:00,Monday,True
483,Carousel,15061,4481,461,81,5.5,55,12,0,2024-04-27,20:00,Monday,True
484,Carousel,16012,2997,621,178,9.65,128,3,1,2024-04-28,08:00,Tuesday,False
485,Reel,15399,4009,859,391,8.8,74,7,8,2024-04-29,12:00,Saturday,True
486,Carousel,16720,2863,920,462,8.17,211,12,7,2024-04-30,16:00,Sunday,True
487,Carousel,16434,2633,828,362,7.86,238,10,6,2024-05-01,12:00,Friday,True
488,Reel,5929,211,150,325,5.91,204,13,6,2024-05-02,08:00,Tuesday,False
489,Static Image,9576,643,92,380,8.15,88,9,4,2024-05-03,18:00,Sunday,True
490,Reel,4064,3309,186,95,5.43,149,12,1,2024-05-04,20:00,Friday,False
491,Carousel,1889,4205,207,242,12.81,74,10,5,2024-05-05,16:00,Saturday,False
492,Carousel,12093,3012,633,268,8.98,116,9,9,2024-05-06,12:00,Saturday,False
493,Reel,7774,3938,577,183,9.44,106,6,2,2024-05-07,22:00,Thursday,True
494,Static Image,17708,3440,981,498,13.94,138,9,3,2024-05-08,18:00,Friday,True
495,Carousel,19149,4551,700,494,11.58,227,14,9,2024-05-09,08:00,Friday,True
496,Carousel,17820,713,430,213,5.08,173,4,1,2024-05-10,22:00,Saturday,False
497,Carousel,11245,1182,410,77,14.43,54,10,1,2024-05-11,12:00,Friday,False
498,Reel,14699,591,707,394,7.37,98,5,7,2024-05-12,22:00,Wednesday,True
499,Carousel,16376,3024,480,111,6.08,86,4,7,2024-05-13,20:00,Thursday,False
500,Static Image,18680,917,227,349,12.68,53,6,9,2024-05-14,10:00,Tuesday,True
501,Carousel,8745,2116,934,299,10.0,116,11,5,2024-05-15,22:00,Tuesday,True
502,Carousel,7714,481,938,373,9.34,188,1,4,2024-05-16,18:00,Sunday,True
503,Static Image,1226,4885,837,448,7.5,188,4,7,2024-05-17,08:00,Tuesday,True
504,Carousel,19620,4328,996,288,10.47,170,14,3,2024-05-18,12:00,Monday,True
505,Reel,14332,1256,738,357,7.74,90,9,3,2024-05-19,20:00,Friday,True
506,Reel,11862,2578,641,186,14.02,22,14,4,2024-05-20,10:00,Tuesday,True
507,Reel,18797,1219,960,41,7.15,51,2,0,2024-05-21,10:00,Sunday,False
508,Static Image,10606,880,915,141,13.84,101,8,0,2024-05-22,08:00,Sunday,True
509,Carousel,8157,1701,184,342,10.59,62,12,1,2024-05-23,14:00,Monday,False
510,Reel,19350,1186,32,60,13.28,124,5,7,2024-05-24,20:00,Sunday,False
511,Static Image,15051,2860,734,191,12.13,20,12,6,2024-05-25,20:00,Saturday,True
512,Carousel,8406,525,926,345,11.97,80,9,9,2024-05-26,16:00,Wednesday,False
513,Static Image,7787,2860,244,262,8.24,289,2,8,2024-05-27,08:00,Saturday,False
514,Reel,1392,1376,22,449,7.34,199,6,4,2024-05-28,10:00,Friday,False
515,Reel,10722,1069,110,62,7.11,243,3,1,2024-05-29,10:00,Friday,True
516,Reel,5175,1886,938,367,13.57,25,13,6,2024-05-30,22:00,Friday,True
517,Static Image,2433,4306,545,127,13.2,122,2,7,2024-05-31,08:00,Thursday,True
518,Static Image,18264,2498,885,192,9.41,29,7,6,2024-06-01,14:00,Tuesday,True
519,Reel,12373,4343,532,234,6.32,90,12,6,2024-06-02,16:00,Wednesday,True
520,Static Image,18174,1333,794,172,8.82,109,3,4,2024-06-03,12:00,Tuesday,False
521,Reel,18524,709,461,424,11.19,245,10,1,2024-06-04,08:00,Wednesday,False
522,Reel,13739,2060,440,118,9.54,177,0,5,2024-06-05,16:00,Tuesday,True
523,Carousel,11374,448,802,256,12.8,247,5,3,2024-06-06,20:00,Monday,False
524,Static Image,18102,1783,615,111,14.98,145,9,9,2024-06-07,16:00,Saturday,False
525,Reel,5516,2175,722,41,6.91,228,10,1,2024-06-08,22:00,Sunday,False
526,Reel,14274,2221,542,339,9.6,116,10,8,2024-06-09,18:00,Sunday,False
527,Static Image,10252,124,861,96,9.31,93,0,6,2024-06-10,10:00,Saturday,True
528,Carousel,17838,4747,988,22,8.04,134,4,5,2024-06-11,22:00,Monday,True
529,Carousel,16085,3521,732,358,6.98,210,6,4,2024-06-12,12:00,Wednesday,True
530,Reel,7791,886,661,67,5.66,189,14,2,2024-06-13,08:00,Saturday,False
531,Static Image,1474,549,302,154,13.87,223,5,9,2024-06-14,22:00,Thursday,False
532,Carousel,4633,187,819,143,9.2,75,13,9,2024-06-15,10:00,Wednesday,True
533,Static Image,15163,2147,922,190,9.97,227,1,3,2024-06-16,18:00,Sunday,True
534,Static Image,4472,3746,110,189,14.17,60,10,2,2024-06-17,22:00,Thursday,False
535,Reel,5795,1935,511,209,12.76,51,3,7,2024-06-18,18:00,Tuesday,True
536,Carousel,14413,2807,313,264,6.31,34,10,2,2024-06-19,22:00,Thursday,True
537,Reel,9605,3970,880,218,10.65,81,14,6,2024-06-20,10:00,Wednesday,False
538,Carousel,8728,1950,549,260,9.42,174,1,6,2024-06-21,14:00,Monday,False
539,Carousel,10403,2660,562,139,12.97,228,10,6,2024-06-22,16:00,Tuesday,True
540,Carousel,3520,4036,364,65,12.24,206,0,6,2024-06-23,08:00,Wednesday,False
541,Carousel,9487,1499,312,367,11.9,149,14,1,2024-06-24,08:00,Tuesday,True
542,Carousel,13380,596,505,314,8.41,146,2,9,2024-06-25,08:00,Thursday,False
543,Static Image,5733,4726,667,92,13.05,133,2,2,2024-06-26,10:00,Sunday,False
544,Reel,10016,2053,777,328,5.52,218,14,9,2024-06-27,20:00,Wednesday,True
545,Static Image,15059,2146,983,480,6.6,32,11,8,2024-06-28,14:00,Monday,False
546,Carousel,17201,753,236,211,8.36,290,6,2,2024-06-29,12:00,Saturday,True
547,Reel,2896,2453,245,133,5.77,108,0,1,2024-06-30,18:00,Thursday,False
548,Carousel,19046,1675,882,315,7.35,234,8,8,2024-07-01,10:00,Wednesday,True
549,Reel,19629,3381,901,7,13.3,297,10,9,2024-07-02,20:00,Monday,False
550,Static Image,2091,4783,464,466,14.48,222,5,8,2024-07-03,12:00,Wednesday,False
551,Reel,11803,3028,22,426,8.05,93,3,3,2024-07-04,18:00,Thursday,True
552,Reel,6683,4786,219,246,7.65,44,2,8,2024-07-05,18:00,Wednesday,False
553,Reel,1812,2889,750,125,7.8,120,14,2,2024-07-06,14:00,Tuesday,True
554,Reel,7814,3434,406,389,7.78,195,2,6,2024-07-07,16:00,Thursday,False
555,Reel,19267,2709,109,106,5.36,136,1,6,2024-07-08,08:00,Wednesday,False
556,Carousel,2639,1911,40,42,14.27,185,1,7,2024-07-09,22:00,Saturday,True
557,Reel,15188,2906,907,345,7.14,60,13,9,2024-07-10,12:00,Sunday,False
558,Reel,18588,735,537,417,9.2,139,11,3,2024-07-11,10:00,Wednesday,False
559,Static Image,7424,4333,658,137,5.1,116,12,2,2024-07-12,12:00,Tuesday,True
560,Reel,862,1669,338,206,13.58,164,9,2,2024-07-13,16:00,Monday,False
561,Static Image,19488,4693,175,352,12.31,235,4,4,2024-07-14,08:00,Saturday,True
562,Carousel,13981,1481,468,25,14.47,248,8,0,2024-07-15,12:00,Monday,True
563,Reel,4238,925,831,246,12.82,149,1,9,2024-07-16,16:00,Saturday,True
564,Static Image,2969,4763,961,459,8.14,156,1,2,2024-07-17,10:00,Monday,False
565,Static Image,16606,2511,991,455,7.48,292,11,5,2024-07-18,14:00,Sunday,False
566,Carousel,17440,1415,109,113,11.98,136,5,2,2024-07-19,20:00,Tuesday,True
567,Reel,9517,1293,630,307,8.64,113,12,4,2024-07-20,18:00,Thursday,False
568,Reel,3308,212,864,88,10.66,187,14,8,2024-07-21,10:00,Monday,True
569,Static Image,16870,2024,182,87,5.06,222,9,1,2024-07-22,08:00,Saturday,False
570,Reel,15370,3341,758,295,5.62,168,1,1,2024-07-23,18:00,Tuesday,True
571,Static Image,13213,319,171,456,10.35,202,11,5,2024-07-24,20:00,Wednesday,True
572,Reel,8061,681,914,73,10.66,171,3,5,2024-07-25,10:00,Sunday,False
573,Static Image,3219,955,737,133,12.51,93,5,7,2024-07-26,22:00,Tuesday,True
574,Reel,12200,3521,785,200,6.32,293,4,1,2024-07-27,10:00,Tuesday,True
575,Carousel,4241,3303,272,144,10.13,61,0,8,2024-07-28,10:00,Thursday,False
576,Reel,10266,2064,813,448,6.94,231,14,1,2024-07-29,22:00,Tuesday,True
577,Reel,4498,1691,283,287,5.93,120,5,0,2024-07-30,10:00,Thursday,True
578,Carousel,19287,254,12,316,9.1,64,0,9,2024-07-31,18:00,Sunday,False
579,Reel,16577,631,37,238,6.63,101,2,1,2024-08-01,08:00,Sunday,True
580,Carousel,794,890,335,27,7.22,36,9,6,2024-08-02,20:00,Wednesday,True
581,Reel,10677,1769,949,157,8.18,92,4,7,2024-08-03,16:00,Thursday,True
582,Static Image,10382,2693,158,281,7.59,33,13,4,2024-08-04,12:00,Thursday,True
583,Static Image,1636,2347,549,65,5.88,176,9,5,2024-08-05,22:00,Monday,True
584,Reel,2564,924,497,323,5.9,242,12,0,2024-08-06,14:00,Monday,True
585,Reel,7509,739,831,382,6.93,151,4,5,2024-08-07,22:00,Wednesday,True
586,Reel,13487,4050,447,56,5.51,66,12,7,2024-08-08,20:00,Sunday,True
587,Static Image,5043,3191,74,348,11.26,126,9,2,2024-08-09,12:00,Friday,False
588,Reel,1507,1472,365,157,7.87,127,5,0,2024-08-10,12:00,Monday,True
589,Static Image,5945,721,542,241,7.8,284,14,3,2024-08-11,14:00,Tuesday,True
590,Carousel,11206,1221,261,315,8.32,224,11,0,2024-08-12,20:00,Sunday,False
591,Static Image,15249,3776,244,306,11.63,98,9,7,2024-08-13,18:00,Friday,True
592,Static Image,12218,993,236,36,13.71,174,7,4,2024-08-14,08:00,Tuesday,True
593,Carousel,9939,1499,534,59,12.59,290,4,0,2024-08-15,14:00,Saturday,True
594,Static Image,13781,3787,322,356,12.28,266,13,7,2024-08-16,08:00,Thursday,True
595,Reel,1935,2589,58,393,9.84,38,14,8,2024-08-17,18:00,Sunday,True
596,Reel,1071,4009,127,40,11.94,45,10,9,2024-08-18,12:00,Saturday,True
597,Static Image,2882,4310,63,114,10.53,236,0,1,2024-08-19,08:00,Wednesday,False
598,Reel,5584,2411,659,494,7.16,173,4,8,2024-08-20,18:00,Thursday,False
599,Static Image,17161,3702,574,181,7.09,173,2,7,2024-08-21,18:00,Thursday,False
600,Reel,14007,3720,53,366,7.96,193,3,6,2024-08-22,16:00,Tuesday,False
601,Reel,7559,1803,824,318,14.11,111,14,2,2024-08-23,14:00,Saturday,False
602,Static Image,18771,2402,62,299,10.47,200,14,1,2024-08-24,16:00,Thursday,True
603,Reel,13271,1988,595,340,12.34,150,12,6,2024-08-25,22:00,Monday,True
604,Static Image,18149,420,567,101,8.47,294,7,4,2024-08-26,12:00,Sunday,True
605,Reel,7991,4998,534,373,9.08,292,6,5,2024-08-27,14:00,Monday,True
606,Reel,15027,4529,686,217,6.26,95,10,3,2024-08-28,12:00,Tuesday,True
607,Carousel,17924,1981,111,321,6.71,196,4,1,2024-08-29,16:00,Friday,False
608,Carousel,15359,474,801,141,13.27,203,1,8,2024-08-30,20:00,Tuesday,False
609,Static Image,8573,4774,779,10,10.85,150,5,2,2024-08-31,18:00,Sunday,True
610,Carousel,9577,944,991,113,8.38,68,10,6,2024-09-01,12:00,Thursday,True
611,Static Image,19636,647,858,39,13.03,74,5,7,2024-09-02,14:00,Saturday,True
612,Carousel,11883,3112,877,43,7.47,173,9,1,2024-09-03,22:00,Saturday,False
613,Reel,16878,2386,407,154,14.76,219,9,5,2024-09-04,14:00,Wednesday,False
614,Static Image,2853,4738,147,429,8.45,137,13,7,2024-09-05,12:00,Tuesday,True
615,Static Image,5299,1737,684,122,8.37,282,10,6,2024-09-06,14:00,Sunday,False
616,Reel,17570,622,930,265,8.12,65,5,2,2024-09-07,22:00,Wednesday,True
617,Static Image,12439,2140,396,430,6.22,208,13,0,2024-09-08,18:00,Thursday,False
618,Static Image,2928,3719,120,91,6.11,148,8,5,2024-09-09,20:00,Friday,False
619,Carousel,11796,4322,623,469,11.48,68,10,7,2024-09-10,18:00,Tuesday,True
620,Static Image,8313,4674,26,80,13.75,44,7,5,2024-09-11,14:00,Friday,False
621,Reel,14914,1683,789,475,12.91,285,7,4,2024-09-12,22:00,Sunday,False
622,Carousel,12301,1567,191,468,6.41,137,0,7,2024-09-13,22:00,Friday,True
623,Carousel,12245,4343,893,455,10.46,163,4,1,2024-09-14,12:00,Friday,False
624,Reel,13525,2707,545,418,6.06,219,6,0,2024-09-15,16:00,Sunday,True
625,Reel,3856,3698,550,317,5.45,176,5,0,2024-09-16,14:00,Sunday,False
626,Carousel,14788,4998,180,387,11.56,153,4,3,2024-09-17,14:00,Tuesday,True
627,Static Image,7040,3638,418,218,10.35,167,7,5,2024-09-18,14:00,Friday,True
628,Carousel,16922,1587,749,461,5.82,90,2,8,2024-09-19,14:00,Wednesday,False
629,Reel,3842,3187,387,289,5.35,252,5,0,2024-09-20,12:00,Sunday,False
630,Carousel,9578,147,197,243,14.9,173,14,0,2024-09-21,16:00,Thursday,True
631,Reel,3344,3265,867,169,5.3,109,4,4,2024-09-22,16:00,Friday,False
632,Carousel,10896,4580,239,91,9.45,218,7,9,2024-09-23,08:00,Sunday,False
633,Static Image,17982,4782,842,145,10.05,180,3,4,2024-09-24,14:00,Wednesday,False
634,Carousel,18707,3800,861,164,6.17,45,7,4,2024-09-25,14:00,Saturday,True
635,Carousel,14498,3207,128,50,6.69,140,9,9,2024-09-26,08:00,Tuesday,True
636,Reel,13761,4733,165,376,8.52,231,13,5,2024-09-27,16:00,Friday,True
637,Reel,3593,393,793,499,12.62,82,14,7,2024-09-28,22:00,Saturday,False
638,Reel,12222,4716,696,116,10.07,87,1,2,2024-09-29,22:00,Sunday,False
639,Carousel,19780,660,474,411,11.38,272,8,8,2024-09-30,10:00,Sunday,True
640,Static Image,12145,1777,113,49,14.85,21,12,0,2024-10-01,18:00,Thursday,True
641,Reel,15583,2340,613,405,12.68,127,8,3,2024-10-02,10:00,Thursday,False
642,Reel,1488,1904,707,251,9.34,68,14,8,2024-10-03,16:00,Friday,False
643,Carousel,6946,2658,981,108,9.46,159,13,7,2024-10-04,20:00,Saturday,False
644,Reel,16835,2129,804,89,11.19,237,9,9,2024-10-05,14:00,Saturday,False
645,Static Image,16633,2374,511,454,11.65,63,9,8,2024-10-06,10:00,Sunday,True
646,Static Image,2182,4677,702,489,10.01,288,12,0,2024-10-07,12:00,Friday,False
647,Reel,6126,1227,691,138,11.45,97,5,8,2024-10-08,22:00,Sunday,False
648,Reel,7924,1141,708,112,5.24,235,3,2,2024-10-09,12:00,Thursday,True
649,Carousel,13357,2841,184,22,9.3,117,3,9,2024-10-10,08:00,Wednesday,True
650,Static Image,12655,1799,743,98,7.79,255,12,8,2024-10-11,16:00,Monday,False
651,Static Image,17817,2725,754,154,6.29,168,5,0,2024-10-12,16:00,Monday,True
652,Reel,11925,831,683,250,6.0,85,4,0,2024-10-13,10:00,Sunday,False
653,Carousel,2480,3098,430,293,11.03,253,5,8,2024-10-14,14:00,Saturday,False
654,Static Image,16022,2155,143,418,10.24,106,6,5,2024-10-15,16:00,Thursday,True
655,Static Image,19940,3917,400,213,7.54,98,6,3,2024-10-16,10:00,Tuesday,True
656,Carousel,9484,4592,745,130,9.71,224,8,6,2024-10-17,10:00,Tuesday,False
657,Carousel,17675,2163,510,239,9.92,298,7,4,2024-10-18,18:00,Monday,True
658,Static Image,16383,4020,674,420,6.95,273,12,9,2024-10-19,18:00,Wednesday,False
659,Static Image,5890,2041,42,430,11.52,149,5,6,2024-10-20,16:00,Monday,False
660,Carousel,19139,1117,64,466,12.81,103,11,7,2024-10-21,10:00,Sunday,False
661,Static Image,2107,1627,963,126,12.91,295,5,7,2024-10-22,08:00,Wednesday,True
662,Reel,7073,1061,528,142,11.02,206,14,0,2024-10-23,08:00,Tuesday,False
663,Reel,17868,2324,765,499,10.12,65,13,7,2024-10-24,18:00,Saturday,False
664,Carousel,6276,4919,834,119,5.61,202,4,5,2024-10-25,16:00,Thursday,False
665,Carousel,4176,1864,647,424,7.88,287,0,3,2024-10-26,22:00,Thursday,True
666,Carousel,3880,2476,21,166,5.93,119,8,7,2024-10-27,14:00,Sunday,False
667,Reel,9211,4452,537,205,14.64,97,8,2,2024-10-28,20:00,Monday,False
668,Static Image,9282,4924,729,238,6.35,291,8,3,2024-10-29,22:00,Sunday,False
669,Reel,17934,2601,564,32,6.52,181,14,5,2024-10-30,08:00,Thursday,True
670,Static Image,14497,3707,382,15,13.9,63,10,6,2024-10-31,08:00,Tuesday,False
671,Reel,6842,57,493,210,14.44,257,7,3,2024-11-01,22:00,Thursday,False
672,Static Image,17843,2605,982,171,12.66,153,12,3,2024-11-02,18:00,Wednesday,True
673,Reel,6559,525,656,251,5.05,211,9,6,2024-11-03,18:00,Saturday,True
674,Carousel,9384,2261,237,51,5.01,297,12,5,2024-11-04,16:00,Saturday,False
675,Reel,6155,534,632,250,8.78,37,2,7,2024-11-05,18:00,Friday,False
676,Static Image,12591,4704,316,131,6.43,31,0,0,2024-11-06,12:00,Thursday,False
677,Reel,19830,2335,466,151,5.18,199,10,9,2024-11-07,20:00,Thursday,True
678,Reel,15751,4613,169,122,9.64,142,11,6,2024-11-08,22:00,Saturday,True
679,Reel,1026,3575,340,403,14.43,265,11,6,2024-11-09,22:00,Friday,False
680,Carousel,3724,3389,785,386,8.24,241,7,6,2024-11-10,10:00,Wednesday,True
681,Reel,15569,2872,234,416,11.61,70,6,6,2024-11-11,08:00,Monday,False
682,Carousel,12036,4993,992,156,11.52,90,12,9,2024-11-12,22:00,Thursday,False
683,Carousel,14047,2974,738,76,7.51,67,4,9,2024-11-13,12:00,Saturday,True
684,Reel,18759,308,513,367,11.5,38,9,7,2024-11-14,22:00,Sunday,False
685,Reel,2263,332,465,141,7.12,281,6,8,2024-11-15,14:00,Thursday,True
686,Reel,9212,1948,54,179,6.22,103,9,8,2024-11-16,12:00,Sunday,True
687,Static Image,6297,4185,223,293,12.01,174,3,1,2024-11-17,16:00,Wednesday,False
688,Reel,9708,3026,68,450,6.13,72,8,6,2024-11-18,14:00,Thursday,True
689,Carousel,5609,2317,653,485,14.97,126,10,6,2024-11-19,14:00,Saturday,False
690,Reel,17000,3250,625,23,6.83,154,9,3,2024-11-20,22:00,Wednesday,True
691,Static Image,2933,662,204,199,10.94,88,13,8,2024-11-21,18:00,Wednesday,False
692,Reel,17467,737,934,334,9.11,30,1,7,2024-11-22,22:00,Monday,False
693,Static Image,4667,3740,498,428,6.26,162,8,0,2024-11-23,12:00,Thursday,False
694,Static Image,18273,662,166,179,5.28,211,8,1,2024-11-24,16:00,Sunday,True
695,Reel,8857,2357,619,494,11.23,88,4,1,2024-11-25,08:00,Sunday,False
696,Carousel,6654,3063,235,453,13.07,42,10,7,2024-11-26,20:00,Thursday,True
697,Static Image,9420,1831,421,417,13.42,200,0,0,2024-11-27,18:00,Friday,True
698,Reel,18927,2641,214,438,9.83,28,6,3,2024-11-28,12:00,Monday,True
699,Reel,17662,2746,88,358,12.77,290,9,9,2024-11-29,08:00,Monday,True
700,Carousel,713,4008,133,145,11.73,112,9,4,2024-11-30,12:00,Monday,True
701,Static Image,4262,624,480,250,12.24,36,3,8,2024-12-01,18:00,Sunday,False
702,Static Image,13899,1960,949,389,9.93,173,8,6,2024-12-02,08:00,Wednesday,True
703,Reel,10268,3654,227,422,11.33,168,5,7,2024-12-03,18:00,Saturday,False
704,Reel,11140,719,525,97,13.06,286,12,8,2024-12-04,12:00,Friday,False
705,Carousel,7231,4414,611,436,8.98,125,2,6,2024-12-05,14:00,Monday,True
706,Carousel,6291,1333,113,243,13.06,54,5,4,2024-12-06,20:00,Sunday,False
707,Static Image,16322,973,402,209,10.92,138,12,4,2024-12-07,10:00,Sunday,False
708,Static Image,9283,1175,640,52,6.66,33,9,9,2024-12-08,20:00,Wednesday,True
709,Reel,14121,1579,654,437,5.25,33,5,5,2024-12-09,14:00,Thursday,False
710,Static Image,16519,1644,833,249,8.63,285,4,4,2024-12-10,18:00,Thursday,True
711,Carousel,3220,296,617,324,10.47,159,1,8,2024-12-11,20:00,Saturday,True
712,Carousel,9405,3761,989,321,13.4,138,9,2,2024-12-12,18:00,Saturday,True
713,Reel,9627,1610,443,417,6.27,257,9,2,2024-12-13,18:00,Monday,False
714,Carousel,16885,2450,340,299,13.0,53,1,6,2024-12-14,08:00,Saturday,False
715,Carousel,6868,2293,152,132,13.63,188,6,6,2024-12-15,16:00,Monday,False
716,Carousel,14556,3914,809,348,6.51,29,1,5,2024-12-16,18:00,Friday,False
717,Carousel,12736,1989,549,286,13.52,141,11,2,2024-12-17,20:00,Saturday,True
718,Reel,18833,3119,287,21,14.91,164,5,6,2024-12-18,20:00,Wednesday,True
719,Reel,14951,276,242,75,12.27,242,4,4,2024-12-19,20:00,Monday,False
720,Static Image,17801,3597,538,273,12.85,276,3,6,2024-12-20,14:00,Wednesday,True
721,Carousel,10933,314,580,329,14.94,287,6,1,2024-12-21,10:00,Sunday,False
722,Static Image,16025,1445,99,286,11.05,23,7,5,2024-12-22,18:00,Monday,True
723,Reel,589,3607,501,309,8.08,125,3,7,2024-12-23,22:00,Sunday,True
724,Reel,18593,695,208,455,13.38,104,0,0,2024-12-24,18:00,Tuesday,True
725,Reel,10861,3040,371,11,11.14,233,0,3,2024-12-25,18:00,Wednesday,True
726,Reel,16869,1949,450,318,10.81,140,0,0,2024-12-26,22:00,Tuesday,True
727,Reel,3541,2554,35,309,7.54,151,10,0,2024-12-27,08:00,Monday,False
728,Reel,605,2822,34,107,12.56,216,0,9,2024-12-28,18:00,Sunday,False
729,Reel,9578,1204,403,313,5.82,38,4,7,2024-12-29,14:00,Monday,True
730,Carousel,18779,637,516,197,14.24,149,3,6,2024-12-30,12:00,Tuesday,False
731,Static Image,6590,4621,310,245,8.26,31,12,9,2024-12-31,16:00,Monday,True
732,Reel,6582,1871,348,66,6.28,100,13,0,2025-01-01,20:00,Friday,True
733,Carousel,17518,1035,276,21,9.42,281,8,1,2025-01-02,18:00,Thursday,True
734,Carousel,2425,4129,470,175,5.42,144,14,3,2025-01-03,08:00,Tuesday,True
735,Static Image,18940,3398,702,29,11.85,286,2,0,2025-01-04,14:00,Monday,False
736,Reel,7417,3881,465,255,14.03,159,13,2,2025-01-05,18:00,Sunday,True
737,Static Image,1052,1291,369,257,13.37,21,6,7,2025-01-06,22:00,Monday,False
738,Reel,4411,239,77,391,6.27,27,10,7,2025-01-07,08:00,Sunday,True
739,Carousel,3889,1030,872,211,6.26,269,7,7,2025-01-08,12:00,Thursday,True
740,Carousel,14129,1748,421,33,13.13,158,5,5,2025-01-09,10:00,Monday,False
741,Carousel,2930,1765,980,121,14.24,143,11,5,2025-01-10,18:00,Saturday,True
742,Carousel,958,2643,500,495,9.61,247,12,4,2025-01-11,14:00,Saturday,True
743,Static Image,13895,4186,842,420,9.99,29,9,8,2025-01-12,08:00,Thursday,False
744,Reel,707,4483,58,286,8.18,231,12,3,2025-01-13,22:00,Tuesday,False
745,Reel,1399,1148,696,384,13.94,131,0,9,2025-01-14,08:00,Sunday,False
746,Static Image,12153,2376,573,148,11.45,27,7,6,2025-01-15,18:00,Saturday,True
747,Reel,16905,3297,111,29,7.88,272,14,0,2025-01-16,08:00,Friday,True
748,Carousel,9101,945,225,314,7.99,33,9,8,2025-01-17,10:00,Tuesday,False
749,Reel,1394,1724,447,160,13.91,259,2,6,2025-01-18,08:00,Sunday,False
750,Carousel,1014,2959,709,77,5.14,261,7,9,2025-01-19,20:00,Thursday,True
751,Static Image,4609,980,578,124,8.23,168,11,8,2025-01-20,16:00,Saturday,True
752,Reel,13758,4434,568,316,10.54,255,3,6,2025-01-21,20:00,Wednesday,False
753,Static Image,15813,773,168,325,6.48,186,7,1,2025-01-22,16:00,Monday,False
754,Reel,15849,2990,498,97,5.92,39,10,5,2025-01-23,08:00,Thursday,False
755,Carousel,7679,1139,695,90,13.15,235,0,9,2025-01-24,22:00,Sunday,False
756,Static Image,10826,4628,251,340,13.94,154,2,3,2025-01-25,22:00,Sunday,True
757,Reel,12287,985,803,429,13.24,148,5,2,2025-01-26,18:00,Sunday,True
758,Carousel,2060,2345,762,368,13.99,265,14,1,2025-01-27,22:00,Sunday,True
759,Static Image,14112,205,891,439,10.53,208,14,5,2025-01-28,16:00,Monday,True
760,Static Image,18150,1120,14,122,13.12,63,8,7,2025-01-29,14:00,Tuesday,False
761,Reel,5280,2008,605,237,8.84,105,1,5,2025-01-30,16:00,Friday,True
762,Reel,18811,2551,829,203,11.66,63,10,8,2025-01-31,20:00,Wednesday,False
763,Reel,12394,4269,370,210,14.89,164,0,4,2025-02-01,08:00,Monday,True
764,Carousel,2856,3880,468,417,7.26,70,14,1,2025-02-02,18:00,Sunday,True
765,Reel,5290,904,257,343,8.9,261,9,7,2025-02-03,12:00,Monday,True
766,Static Image,17190,689,575,151,9.8,70,2,8,2025-02-04,18:00,Thursday,False
767,Static Image,10681,2288,682,454,6.38,285,3,9,2025-02-05,18:00,Friday,True
768,Reel,7557,1652,955,429,5.81,139,10,3,2025-02-06,18:00,Sunday,False
769,Reel,16582,491,431,433,13.3,219,4,5,2025-02-07,14:00,Wednesday,False
770,Static Image,1161,4678,932,275,14.77,267,2,9,2025-02-08,10:00,Sunday,True
771,Carousel,5144,1386,747,391,9.05,89,12,7,2025-02-09,20:00,Friday,False
772,Reel,16211,3750,24,143,5.88,76,9,8,2025-02-10,08:00,Wednesday,True
773,Reel,3420,998,745,185,5.66,58,10,4,2025-02-11,10:00,Friday,False
774,Static Image,16502,3423,582,434,13.91,37,1,5,2025-02-12,12:00,Wednesday,True
775,Reel,14525,509,131,34,9.64,239,1,3,2025-02-13,10:00,Tuesday,False
776,Carousel,9446,4696,286,61,8.2,263,6,4,2025-02-14,08:00,Saturday,False
777,Static Image,13232,442,567,236,9.76,93,8,6,2025-02-15,20:00,Tuesday,True
778,Reel,6736,3988,462,150,8.18,129,9,8,2025-02-16,20:00,Monday,True
779,Static Image,16809,1837,399,439,9.89,199,1,9,2025-02-17,08:00,Monday,True
780,Reel,14018,4990,303,388,13.6,51,6,5,2025-02-18,12:00,Wednesday,True
781,Reel,852,2307,583,52,10.92,253,6,5,2025-02-19,08:00,Sunday,False
782,Reel,7505,1188,607,198,11.95,44,10,7,2025-02-20,12:00,Saturday,False
783,Carousel,14536,3858,455,228,8.65,298,6,3,2025-02-21,12:00,Thursday,False
784,Carousel,17042,4791,219,140,12.39,245,2,2,2025-02-22,08:00,Thursday,False
785,Static Image,1456,2504,599,26,11.67,76,11,6,2025-02-23,16:00,Sunday,True
786,Reel,2571,1516,723,10,6.2,199,6,4,2025-02-24,20:00,Sunday,False
787,Reel,9095,3724,311,208,10.73,251,0,1,2025-02-25,12:00,Tuesday,True
788,Carousel,15640,1427,918,243,7.57,83,9,1,2025-02-26,08:00,Thursday,False
789,Reel,13303,2647,232,189,13.04,251,0,5,2025-02-27,22:00,Wednesday,True
790,Carousel,3953,191,743,364,9.26,232,4,7,2025-02-28,16:00,Friday,True
791,Reel,7175,2709,12,296,14.95,277,14,0,2025-03-01,20:00,Monday,True
792,Static Image,1455,4646,999,339,5.93,37,1,5,2025-03-02,12:00,Friday,True
793,Reel,6795,889,527,224,12.8,194,8,1,2025-03-03,20:00,Tuesday,True
794,Reel,16421,3668,102,120,11.74,248,14,1,2025-03-04,16:00,Thursday,False
795,Carousel,18596,3967,529,317,12.67,245,6,6,2025-03-05,20:00,Saturday,True
796,Reel,15782,645,437,53,8.08,103,3,9,2025-03-06,14:00,Sunday,False
797,Reel,5203,1954,502,177,9.92,265,3,0,2025-03-07,18:00,Saturday,False
798,Carousel,7063,330,244,86,12.97,129,1,5,2025-03-08,14:00,Saturday,True
799,Static Image,12503,473,629,326,7.33,273,4,6,2025-03-09,16:00,Thursday,False
800,Static Image,11317,4415,170,337,7.26,107,3,7,2025-03-10,12:00,Wednesday,False
801,Carousel,11671,4299,730,49,10.51,91,11,6,2025-03-11,08:00,Tuesday,False
802,Carousel,13082,1800,761,339,10.24,49,12,5,2025-03-12,10:00,Sunday,True
803,Carousel,12701,4807,340,24,7.82,191,0,8,2025-03-13,08:00,Friday,True
804,Carousel,18278,2017,342,452,7.98,196,11,2,2025-03-14,20:00,Wednesday,True
805,Carousel,12973,4138,59,225,7.78,158,7,5,2025-03-15,10:00,Friday,True
806,Static Image,9961,4228,532,127,12.72,213,2,3,2025-03-16,10:00,Monday,False
807,Static Image,16096,2996,872,238,11.52,205,13,1,2025-03-17,20:00,Tuesday,False
808,Carousel,1029,1499,677,225,13.32,237,5,0,2025-03-18,20:00,Wednesday,False
809,Reel,19842,2381,501,327,14.75,183,3,0,2025-03-19,12:00,Wednesday,False
810,Carousel,13265,2270,591,343,9.74,180,8,9,2025-03-20,16:00,Friday,False
811,Reel,14410,3839,690,7,5.67,32,6,2,2025-03-21,22:00,Sunday,False
812,Carousel,12061,2860,281,186,5.48,108,8,3,2025-03-22,08:00,Monday,True
813,Carousel,9631,4778,589,210,7.96,61,9,1,2025-03-23,16:00,Friday,False
814,Static Image,1025,1581,876,324,14.33,229,2,0,2025-03-24,14:00,Wednesday,False
815,Reel,16885,4932,261,44,10.23,248,0,3,2025-03-25,12:00,Tuesday,False
816,Reel,874,3040,569,63,7.72,294,4,6,2025-03-26,12:00,Wednesday,True
817,Static Image,12697,4543,705,443,8.99,298,2,9,2025-03-27,22:00,Thursday,False
818,Static Image,5148,1193,841,66,10.99,270,5,5,2025-03-28,14:00,Tuesday,False
819,Static Image,2865,983,708,136,11.53,227,7,5,2025-03-29,08:00,Tuesday,True
820,Static Image,18409,1510,99,64,6.54,159,10,8,2025-03-30,18:00,Wednesday,False
821,Reel,2146,2773,455,376,14.77,299,12,1,2025-03-31,14:00,Sunday,True
822,Reel,513,2562,341,335,10.45,53,3,3,2025-04-01,08:00,Tuesday,True
823,Carousel,5099,335,148,126,6.36,37,4,4,2025-04-02,10:00,Thursday,False
824,Carousel,2778,314,366,483,13.94,76,4,0,2025-04-03,20:00,Friday,False
825,Static Image,14796,2417,610,111,5.75,131,3,7,2025-04-04,12:00,Sunday,True
826,Static Image,3655,3497,283,100,14.08,24,3,7,2025-04-05,08:00,Sunday,False
827,Static Image,8821,4966,28,351,14.97,201,3,5,2025-04-06,16:00,Sunday,False
828,Carousel,4314,1812,992,418,12.0,32,3,4,2025-04-07,22:00,Tuesday,True
829,Carousel,13625,3098,320,239,12.7,278,3,7,2025-04-08,20:00,Sunday,True
830,Carousel,3716,2431,879,390,8.37,109,4,2,2025-04-09,16:00,Wednesday,False
831,Carousel,2613,2319,895,66,14.42,123,1,2,2025-04-10,20:00,Sunday,True
832,Carousel,10738,90,987,260,10.3,205,1,1,2025-04-11,12:00,Thursday,False
833,Carousel,14260,117,163,53,12.32,269,8,4,2025-04-12,14:00,Monday,False
834,Carousel,13088,1037,399,397,14.24,274,1,2,2025-04-13,18:00,Thursday,False
835,Static Image,3874,4058,269,352,14.75,95,5,2,2025-04-14,14:00,Tuesday,False
836,Static Image,6930,3248,629,163,13.33,127,1,5,2025-04-15,08:00,Sunday,True
837,Static Image,19965,4840,892,128,8.03,175,4,7,2025-04-16,22:00,Sunday,False
838,Static Image,12470,2574,806,486,14.67,101,3,1,2025-04-17,14:00,Wednesday,True
839,Carousel,1129,1135,580,321,11.28,96,11,3,2025-04-18,12:00,Friday,False
840,Reel,17153,2529,134,211,14.31,277,6,6,2025-04-19,22:00,Sunday,False
841,Carousel,11331,1743,363,52,11.76,146,14,0,2025-04-20,08:00,Saturday,True
842,Reel,6224,2365,282,413,8.07,107,6,0,2025-04-21,10:00,Thursday,False
843,Static Image,11583,828,628,424,8.7,223,12,9,2025-04-22,14:00,Tuesday,True
844,Carousel,13649,4639,820,140,10.5,35,5,6,2025-04-23,14:00,Monday,True
845,Static Image,9972,1635,254,205,12.9,170,9,6,2025-04-24,18:00,Sunday,False
846,Carousel,6776,1542,857,254,8.18,273,4,0,2025-04-25,08:00,Monday,False
847,Static Image,16135,710,459,318,10.8,207,0,0,2025-04-26,16:00,Sunday,False
848,Reel,6395,1398,939,361,8.46,51,11,3,2025-04-27,14:00,Tuesday,False
849,Reel,14494,1349,256,372,13.16,290,14,4,2025-04-28,12:00,Friday,True
850,Reel,11052,3990,529,433,9.67,24,2,4,2025-04-29,14:00,Thursday,False
851,Carousel,17459,2036,150,322,5.77,188,8,3,2025-04-30,18:00,Tuesday,False
852,Reel,6599,2094,371,299,6.66,200,14,7,2025-05-01,10:00,Monday,False
853,Carousel,9999,3566,17,484,5.61,197,13,6,2025-05-02,18:00,Sunday,False
854,Reel,3678,1108,487,318,9.99,162,0,8,2025-05-03,14:00,Monday,False
855,Reel,19618,1026,361,213,6.06,267,4,6,2025-05-04,22:00,Thursday,True
856,Carousel,6616,4627,504,359,6.14,146,1,9,2025-05-05,16:00,Saturday,False
857,Carousel,16063,777,615,489,14.41,282,3,0,2025-05-06,20:00,Tuesday,True
858,Reel,4068,2577,842,215,13.73,59,13,6,2025-05-07,14:00,Monday,False
859,Carousel,10347,3186,436,196,9.52,274,13,0,2025-05-08,08:00,Monday,False
860,Reel,14635,392,48,48,14.86,162,10,6,2025-05-09,14:00,Thursday,False
861,Carousel,19087,1497,602,33,5.0,259,0,9,2025-05-10,16:00,Saturday,True
862,Static Image,18274,2429,196,63,11.14,247,2,7,2025-05-11,08:00,Sunday,False
863,Static Image,2242,3709,605,75,11.16,217,9,8,2025-05-12,12:00,Saturday,True
864,Static Image,18809,576,609,96,9.57,84,6,2,2025-05-13,22:00,Monday,True
865,Static Image,1119,1946,763,269,8.97,30,9,3,2025-05-14,08:00,Thursday,False
866,Static Image,18158,4804,863,387,9.55,127,14,3,2025-05-15,18:00,Sunday,True
867,Reel,17840,2123,102,224,9.15,45,2,8,2025-05-16,10:00,Saturday,False
868,Static Image,2439,4965,95,394,12.3,170,3,6,2025-05-17,18:00,Saturday,False
869,Static Image,16501,455,53,417,6.35,240,1,2,2025-05-18,20:00,Saturday,True
870,Static Image,1468,1623,146,446,6.98,256,2,9,2025-05-19,08:00,Friday,False
871,Static Image,15346,4650,430,405,6.81,256,8,4,2025-05-20,12:00,Sunday,False
872,Carousel,781,3790,83,404,7.62,238,2,6,2025-05-21,14:00,Saturday,True
873,Reel,15860,4324,557,219,10.25,170,10,7,2025-05-22,22:00,Friday,True
874,Static Image,6762,4277,622,483,6.11,142,4,0,2025-05-23,08:00,Tuesday,True
875,Static Image,1558,1896,997,391,13.68,163,1,1,2025-05-24,18:00,Thursday,True
876,Static Image,11224,1528,521,281,7.97,208,3,6,2025-05-25,08:00,Saturday,True
877,Reel,5678,2445,165,68,6.63,274,11,1,2025-05-26,08:00,Sunday,True
878,Carousel,7480,821,947,350,11.76,87,12,6,2025-05-27,08:00,Friday,False
879,Reel,9700,628,264,296,5.38,123,6,8,2025-05-28,12:00,Friday,True
880,Carousel,1729,2951,180,494,11.2,178,13,1,2025-05-29,22:00,Tuesday,True
881,Static Image,8967,243,990,489,11.98,109,6,6,2025-05-30,16:00,Wednesday,False
882,Static Image,19624,2057,737,249,7.15,275,11,3,2025-05-31,16:00,Thursday,False
883,Reel,2789,1235,179,474,5.42,239,2,1,2025-06-01,08:00,Wednesday,True
884,Reel,1739,2444,773,66,8.64,28,4,6,2025-06-02,12:00,Sunday,True
885,Carousel,5870,3048,881,430,5.99,31,0,4,2025-06-03,12:00,Thursday,False
886,Carousel,16670,1842,331,336,6.16,263,9,0,2025-06-04,20:00,Tuesday,True
887,Reel,625,1160,576,174,7.54,201,9,4,2025-06-05,08:00,Sunday,True
888,Carousel,13004,4055,465,449,7.95,118,9,2,2025-06-06,18:00,Thursday,False
889,Reel,15898,2311,953,273,10.3,216,10,6,2025-06-07,18:00,Thursday,True
890,Carousel,7138,3786,612,271,11.78,245,0,5,2025-06-08,10:00,Wednesday,False
891,Reel,7070,3843,799,58,10.93,122,4,7,2025-06-09,22:00,Sunday,True
892,Reel,3749,1986,622,20,6.48,125,12,4,2025-06-10,08:00,Tuesday,False
893,Reel,9610,4925,164,12,6.72,77,9,1,2025-06-11,10:00,Tuesday,False
894,Carousel,8095,4407,898,108,13.79,97,8,8,2025-06-12,18:00,Sunday,False
895,Carousel,14105,779,358,63,10.58,94,0,7,2025-06-13,18:00,Sunday,True
896,Carousel,12615,4428,460,317,13.7,61,0,5,2025-06-14,08:00,Friday,False
897,Reel,6794,3501,885,44,8.72,200,3,9,2025-06-15,10:00,Monday,True
898,Carousel,6257,4507,662,241,11.14,52,3,6,2025-06-16,10:00,Wednesday,False
899,Carousel,13095,4586,182,447,10.24,90,1,8,2025-06-17,08:00,Sunday,False
900,Reel,2469,2190,19,390,8.19,75,8,6,2025-06-18,22:00,Sunday,False
901,Static Image,11485,1694,749,98,9.7,124,13,2,2025-06-19,20:00,Monday,True
902,Reel,17775,2850,274,226,10.02,219,8,5,2025-06-20,10:00,Monday,True
903,Carousel,4970,191,447,208,7.01,120,12,6,2025-06-21,20:00,Thursday,False
904,Reel,10725,1505,769,142,8.15,275,12,1,2025-06-22,14:00,Saturday,True
905,Static Image,10056,4846,256,304,12.91,93,1,2,2025-06-23,22:00,Tuesday,True
906,Reel,9706,2146,676,399,14.16,190,13,3,2025-06-24,18:00,Wednesday,True
907,Carousel,10491,1375,555,211,8.6,162,8,9,2025-06-25,16:00,Thursday,False
908,Static Image,8019,1263,508,340,8.07,185,14,5,2025-06-26,22:00,Sunday,True
909,Carousel,14169,1209,138,85,6.95,280,5,0,2025-06-27,20:00,Monday,False
910,Static Image,5112,4700,681,222,11.78,240,7,8,2025-06-28,20:00,Friday,False
911,Static Image,12873,4549,610,6,8.23,102,9,4,2025-06-29,20:00,Tuesday,False
912,Reel,18082,4747,614,182,14.88,201,12,6,2025-06-30,12:00,Thursday,True
913,Reel,16052,390,336,400,8.26,29,14,8,2025-07-01,22:00,Friday,False
914,Carousel,15146,3878,762,375,8.94,23,12,8,2025-07-02,10:00,Tuesday,True
915,Reel,5738,2018,844,350,11.03,234,3,0,2025-07-03,10:00,Saturday,True
916,Reel,16077,753,989,283,13.02,117,1,0,2025-07-04,12:00,Saturday,False
917,Static Image,16004,4463,413,150,9.7,120,1,2,2025-07-05,10:00,Friday,False
918,Reel,4219,2479,638,322,9.23,28,8,5,2025-07-06,12:00,Monday,False
919,Static Image,802,1850,615,228,14.96,80,0,1,2025-07-07,20:00,Thursday,True
920,Static Image,12644,4962,684,373,5.1,165,11,9,2025-07-08,08:00,Thursday,True
921,Static Image,17870,4698,620,388,13.95,82,6,0,2025-07-09,22:00,Saturday,False
922,Carousel,10555,905,634,66,6.49,140,10,0,2025-07-10,14:00,Tuesday,False
923,Carousel,4940,1862,368,298,12.86,245,13,4,2025-07-11,20:00,Friday,True
924,Carousel,3572,2916,612,243,11.18,124,2,3,2025-07-12,14:00,Monday,True
925,Static Image,14098,3692,867,199,8.42,279,2,0,2025-07-13,18:00,Sunday,False
926,Carousel,14787,232,727,170,13.74,274,1,3,2025-07-14,20:00,Thursday,True
927,Carousel,14465,3162,26,455,5.13,226,13,2,2025-07-15,16:00,Sunday,True
928,Reel,10019,4542,283,226,7.27,47,9,1,2025-07-16,10:00,Monday,True
929,Carousel,13880,1567,694,65,10.67,189,5,8,2025-07-17,16:00,Saturday,True
930,Carousel,12365,1406,125,133,8.52,95,12,0,2025-07-18,08:00,Thursday,True
931,Static Image,8625,2224,870,482,11.1,135,9,6,2025-07-19,14:00,Thursday,True
932,Static Image,3791,3679,989,177,5.24,88,1,3,2025-07-20,22:00,Friday,False
933,Static Image,4533,3678,702,484,6.16,253,9,4,2025-07-21,20:00,Sunday,True
934,Static Image,5605,4146,100,160,6.27,20,14,9,2025-07-22,22:00,Saturday,False
935,Static Image,17587,3289,91,409,6.89,186,3,4,2025-07-23,08:00,Friday,False
936,Static Image,8633,3741,333,382,9.59,237,9,0,2025-07-24,08:00,Wednesday,True
937,Carousel,17458,68,970,114,12.52,292,8,5,2025-07-25,10:00,Sunday,False
938,Static Image,6204,3453,123,273,14.06,270,8,8,2025-07-26,08:00,Sunday,False
939,Static Image,8348,4729,778,415,13.35,193,5,1,2025-07-27,20:00,Wednesday,False
940,Reel,13475,4601,67,360,6.97,189,12,6,2025-07-28,20:00,Monday,True
941,Carousel,7424,3054,163,395,9.41,265,3,5,2025-07-29,22:00,Monday,False
942,Carousel,988,1182,886,282,6.99,109,6,4,2025-07-30,22:00,Thursday,True
943,Carousel,7614,3389,413,78,7.64,68,13,3,2025-07-31,14:00,Tuesday,False
944,Static Image,16240,3361,637,491,10.04,169,0,3,2025-08-01,20:00,Friday,False
945,Static Image,3673,3422,864,441,5.68,151,11,5,2025-08-02,16:00,Tuesday,False
946,Static Image,2167,1037,275,467,7.18,78,3,3,2025-08-03,14:00,Thursday,False
947,Reel,4614,3371,324,211,14.35,218,4,4,2025-08-04,10:00,Tuesday,True
948,Static Image,4053,4665,724,392,9.66,234,7,5,2025-08-05,14:00,Sunday,False
949,Reel,8261,223,50,484,9.45,68,11,4,2025-08-06,12:00,Sunday,False
950,Carousel,1500,3791,114,283,5.15,251,1,6,2025-08-07,22:00,Wednesday,True
951,Static Image,16138,3102,910,379,7.47,266,11,8,2025-08-08,16:00,Wednesday,True
952,Reel,18272,776,899,330,13.66,258,4,9,2025-08-09,22:00,Thursday,True
953,Reel,5950,3810,202,476,6.65,187,5,6,2025-08-10,12:00,Thursday,False
954,Static Image,4212,1925,410,344,9.15,67,4,6,2025-08-11,12:00,Saturday,True
955,Carousel,1867,4083,287,361,5.14,70,14,3,2025-08-12,18:00,Thursday,True
956,Carousel,8689,1039,363,344,9.78,117,12,0,2025-08-13,20:00,Sunday,True
957,Carousel,9513,3794,758,208,5.21,235,8,7,2025-08-14,10:00,Tuesday,True
958,Reel,17338,2736,946,165,13.2,196,9,3,2025-08-15,08:00,Friday,True
959,Reel,19656,469,742,32,13.25,99,0,0,2025-08-16,12:00,Saturday,True
960,Reel,4226,643,589,396,12.88,204,13,4,2025-08-17,14:00,Saturday,False
961,Reel,5306,1824,718,261,7.83,46,2,7,2025-08-18,08:00,Saturday,True
962,Carousel,2690,2509,265,169,13.37,214,13,3,2025-08-19,14:00,Thursday,False
963,Static Image,9608,985,660,67,10.43,233,1,7,2025-08-20,22:00,Thursday,True
964,Reel,12678,3858,833,26,8.74,133,11,7,2025-08-21,14:00,Sunday,True
965,Reel,3375,381,956,74,11.25,261,12,2,2025-08-22,08:00,Friday,True
966,Carousel,6092,3499,670,385,5.12,143,2,8,2025-08-23,08:00,Sunday,False
967,Static Image,18324,2752,108,409,6.43,95,9,2,2025-08-24,20:00,Friday,True
968,Static Image,13092,4056,597,100,12.42,215,8,0,2025-08-25,14:00,Sunday,True
969,Carousel,9427,3918,291,167,7.44,63,12,1,2025-08-26,10:00,Tuesday,True
970,Carousel,14937,4250,892,83,10.98,205,13,5,2025-08-27,20:00,Thursday,True
971,Static Image,12030,251,412,9,8.85,265,8,9,2025-08-28,16:00,Monday,False
972,Reel,7510,2547,118,320,13.55,103,9,1,2025-08-29,18:00,Monday,False
973,Static Image,11707,1892,709,124,14.52,226,1,5,2025-08-30,16:00,Thursday,False
974,Carousel,3489,1916,208,306,13.84,170,13,0,2025-08-31,10:00,Saturday,False
975,Reel,12540,2046,312,182,7.71,175,2,0,2025-09-01,20:00,Thursday,False
976,Reel,9718,959,336,180,6.94,35,13,4,2025-09-02,18:00,Thursday,True
977,Carousel,6971,4355,163,394,9.74,184,3,9,2025-09-03,20:00,Thursday,True
978,Carousel,3363,4708,561,221,5.07,164,8,8,2025-09-04,08:00,Saturday,True
979,Carousel,11193,3239,654,60,5.26,56,2,7,2025-09-05,18:00,Friday,False
980,Static Image,1677,820,414,370,10.53,64,12,2,2025-09-06,22:00,Tuesday,True
981,Static Image,5260,3205,471,191,10.2,225,6,2,2025-09-07,14:00,Monday,False
982,Reel,511,2551,141,236,14.95,81,11,0,2025-09-08,16:00,Wednesday,True
983,Carousel,16853,2764,800,259,7.02,38,2,2,2025-09-09,18:00,Monday,False
984,Reel,12056,4774,883,417,7.58,26,6,0,2025-09-10,14:00,Monday,True
985,Reel,12063,3635,93,459,6.14,268,6,7,2025-09-11,20:00,Saturday,True
986,Reel,14551,1678,408,108,14.18,136,8,0,2025-09-12,10:00,Sunday,True
987,Reel,11522,436,763,81,12.78,87,1,4,2025-09-13,18:00,Thursday,True
988,Carousel,8734,3471,637,234,13.22,53,12,8,2025-09-14,14:00,Thursday,False
989,Reel,16673,4058,118,406,14.03,213,5,6,2025-09-15,20:00,Thursday,True
990,Carousel,13678,4143,230,262,10.25,74,8,3,2025-09-16,20:00,Sunday,True
991,Carousel,7070,4413,913,268,9.51,285,11,8,2025-09-17,20:00,Saturday,True
992,Static Image,906,2516,562,335,8.3,61,14,8,2025-09-18,10:00,Tuesday,False
993,Carousel,9706,2332,377,485,10.89,250,11,1,2025-09-19,08:00,Tuesday,True
994,Static Image,4931,1906,156,186,9.54,29,14,9,2025-09-20,10:00,Saturday,True
995,Carousel,7042,2048,121,385,9.52,147,1,9,2025-09-21,10:00,Wednesday,True
996,Carousel,9406,1286,624,260,14.37,198,1,5,2025-09-22,22:00,Tuesday,True
997,Carousel,4646,4719,567,42,14.84,212,12,3,2025-09-23,16:00,Saturday,True
998,Static Image,12546,4194,933,180,12.96,111,13,7,2025-09-24,20:00,Tuesday,False
999,Static Image,13111,1200,503,31,12.57,250,4,6,2025-09-25,14:00,Thursday,False
1000,Reel,13576,4368,514,280,11.81,97,9,6,2025-09-26,18:00,Friday,False
